,Age,Fare,PassengerId,Pclass,Survived,Name_title,Sex_label,Fare_Group,Embarked_label,Family,TicketLettGroup,Cabin_IsNull,Cabin_group,Age_IsNull,Age_group
0,22,7.25,1,3,0.0,1,1,0,2,1,1,1,0,0,1
1,38,71.2833,2,1,1.0,2,0,1,0,1,2,0,2,0,2
2,26,7.925,3,3,1.0,3,0,0,2,0,1,1,0,0,1
3,35,53.1,4,1,1.0,2,0,1,2,1,2,0,2,0,2
4,35,8.05,5,3,0.0,1,1,0,2,0,1,1,0,0,2
5,28,8.4583,6,3,0.0,1,1,0,1,0,1,1,0,1,1
6,54,51.8625,7,1,0.0,1,1,1,2,0,2,0,6,0,3
7,2,21.075,8,3,0.0,5,1,1,2,2,2,1,0,0,0
8,27,11.1333,9,3,1.0,2,0,0,2,1,2,1,0,0,1
9,14,30.0708,10,2,1.0,2,0,1,0,1,2,1,0,0,0
10,4,16.7,11,3,1.0,3,0,0,2,1,2,0,9,0,0
11,58,26.55,12,1,1.0,3,0,1,2,0,1,0,1,0,3
12,20,8.05,13,3,0.0,1,1,0,2,0,1,1,0,0,1
13,39,31.275,14,3,0.0,1,1,1,2,2,3,1,0,0,2
14,14,7.8542,15,3,0.0,3,0,0,2,0,1,1,0,0,0
15,55,16.0,16,2,1.0,2,0,0,2,0,1,1,0,0,3
16,2,29.125,17,3,0.0,5,1,1,1,2,3,1,0,0,0
17,32,13.0,18,2,1.0,1,1,0,2,0,1,1,0,1,1
18,31,18.0,19,3,0.0,2,0,1,2,1,2,1,0,0,1
19,32,7.225,20,3,1.0,2,0,0,0,0,1,1,0,1,1
20,35,26.0,21,2,0.0,1,1,1,2,0,2,1,0,0,2
21,34,13.0,22,2,1.0,1,1,0,2,0,1,0,2,0,2
22,15,8.0292,23,3,1.0,3,0,0,1,0,1,1,0,0,0
23,28,35.5,24,1,1.0,1,1,1,2,0,1,0,9,0,1
24,8,21.075,25,3,0.0,3,0,1,2,2,2,1,0,0,0
25,38,31.3875,26,3,1.0,2,0,1,2,2,3,1,0,0,2
26,28,7.225,27,3,0.0,1,1,0,0,0,1,1,0,1,1
27,19,263.0,28,1,0.0,1,1,1,2,2,3,0,6,0,1
28,17,7.8792,29,3,1.0,3,0,0,1,0,1,1,0,1,0
29,28,7.8958,30,3,0.0,1,1,0,2,0,1,1,0,1,1
30,40,27.7208,31,1,0.0,5,1,1,0,0,1,1,0,0,2
31,42,146.5208,32,1,1.0,2,0,1,0,1,2,0,6,1,2
32,17,7.75,33,3,1.0,3,0,0,1,0,1,1,0,1,0
33,66,10.5,34,2,0.0,1,1,0,2,0,1,1,0,0,4
34,28,82.1708,35,1,0.0,1,1,1,0,1,2,1,0,0,1
35,42,52.0,36,1,0.0,1,1,1,2,1,2,1,0,0,2
36,28,7.2292,37,3,1.0,1,1,0,0,0,1,1,0,1,1
37,21,8.05,38,3,0.0,1,1,0,2,0,1,1,0,0,1
38,18,18.0,39,3,0.0,3,0,1,2,1,2,1,0,0,1
39,14,11.2417,40,3,1.0,3,0,0,0,1,2,1,0,0,0
40,40,9.475,41,3,0.0,2,0,0,2,1,1,1,0,0,2
41,27,21.0,42,2,0.0,2,0,1,2,1,2,1,0,0,1
42,28,7.8958,43,3,0.0,1,1,0,0,0,1,1,0,1,1
43,3,41.5792,44,2,1.0,3,0,1,0,1,2,1,0,0,0
44,19,7.8792,45,3,1.0,3,0,0,1,0,1,1,0,0,1
45,28,8.05,46,3,0.0,1,1,0,2,0,1,1,0,1,1
46,28,15.5,47,3,0.0,1,1,0,1,1,2,1,0,1,1
47,17,7.75,48,3,1.0,3,0,0,1,0,1,1,0,1,0
48,28,21.6792,49,3,0.0,1,1,1,0,1,2,1,0,1,1
49,18,17.8,50,3,0.0,2,0,1,2,1,2,1,0,0,1
50,7,39.6875,51,3,0.0,5,1,1,2,2,3,1,0,0,0
51,21,7.8,52,3,0.0,1,1,0,2,0,1,1,0,0,1
52,49,76.7292,53,1,1.0,2,0,1,0,1,2,0,8,0,3
53,29,26.0,54,2,1.0,2,0,1,2,1,2,1,0,0,1
54,65,61.9792,55,1,0.0,1,1,1,0,1,2,0,4,0,4
55,41,35.5,56,1,1.0,1,1,1,2,0,1,0,3,1,2
56,21,10.5,57,2,1.0,3,0,0,2,0,1,1,0,0,1
57,28,7.2292,58,3,0.0,1,1,0,0,0,1,1,0,0,1
58,5,27.75,59,2,1.0,3,0,1,2,1,2,1,0,0,0
59,11,46.9,60,3,0.0,5,1,1,2,2,3,1,0,0,0
60,22,7.2292,61,3,0.0,1,1,0,0,0,1,1,0,0,1
61,38,80.0,62,1,1.0,3,0,1,2,0,2,0,5,0,2
62,45,83.475,63,1,0.0,1,1,1,2,1,2,0,2,0,3
63,4,27.9,64,3,0.0,5,1,1,2,2,3,1,0,0,0
64,41,27.7208,65,1,0.0,1,1,1,0,0,1,1,0,1,2
65,6,15.2458,66,3,1.0,5,1,0,0,1,2,1,0,1,0
66,29,10.5,67,2,1.0,2,0,0,2,0,1,0,8,0,1
67,19,8.1583,68,3,0.0,1,1,0,2,0,1,1,0,0,1
68,17,7.925,69,3,1.0,3,0,0,2,2,1,1,0,0,0
69,26,8.6625,70,3,0.0,1,1,0,2,1,1,1,0,0,1
70,32,10.5,71,2,0.0,1,1,0,2,0,1,1,0,0,1
71,16,46.9,72,3,0.0,3,0,1,2,2,3,1,0,0,0
72,21,73.5,73,2,0.0,1,1,1,2,0,3,1,0,0,1
73,26,14.4542,74,3,0.0,1,1,0,0,1,2,1,0,0,1
74,32,56.4958,75,3,1.0,1,1,1,2,0,3,1,0,0,1
75,25,7.65,76,3,0.0,1,1,0,2,0,1,0,3,0,1
76,28,7.8958,77,3,0.0,1,1,0,2,0,1,1,0,1,1
77,28,8.05,78,3,0.0,1,1,0,2,0,1,1,0,1,1
78,0,29.0,79,2,1.0,5,1,1,2,1,2,1,0,0,0
79,30,12.475,80,3,1.0,3,0,0,2,0,2,1,0,0,1
80,22,9.0,81,3,0.0,1,1,0,2,0,1,1,0,0,1
81,29,9.5,82,3,1.0,1,1,0,2,0,1,1,0,0,1
82,17,7.7875,83,3,1.0,3,0,0,1,0,1,1,0,1,0
83,28,47.1,84,1,0.0,1,1,1,2,0,2,1,0,0,1
84,17,10.5,85,2,1.0,3,0,0,2,0,1,1,0,0,0
85,33,15.85,86,3,1.0,2,0,0,2,1,2,1,0,0,1
86,16,34.375,87,3,0.0,1,1,1,2,2,2,1,0,0,0
87,28,8.05,88,3,0.0,1,1,0,2,0,1,1,0,1,1
88,23,263.0,89,1,1.0,3,0,1,2,2,3,0,6,0,1
89,24,8.05,90,3,0.0,1,1,0,2,0,1,1,0,0,1
90,29,8.05,91,3,0.0,1,1,0,2,0,1,1,0,0,1
91,20,7.8542,92,3,0.0,1,1,0,2,0,1,1,0,0,1
92,46,61.175,93,1,0.0,1,1,1,2,1,2,0,5,0,3
93,26,20.575,94,3,0.0,1,1,1,2,1,2,1,0,0,1
94,59,7.25,95,3,0.0,1,1,0,2,0,1,1,0,0,4
95,28,8.05,96,3,0.0,1,1,0,2,0,1,1,0,1,1
96,71,34.6542,97,1,0.0,1,1,1,0,0,1,0,3,0,4
97,23,63.3583,98,1,1.0,1,1,1,0,1,2,0,3,0,1
98,34,23.0,99,2,1.0,2,0,1,2,1,2,1,0,0,2
99,34,26.0,100,2,0.0,1,1,1,2,1,2,1,0,0,2
100,28,7.8958,101,3,0.0,3,0,0,2,0,1,1,0,0,1
101,28,7.8958,102,3,0.0,1,1,0,2,0,1,1,0,1,1
102,21,77.2875,103,1,0.0,1,1,1,2,1,2,0,8,0,1
103,33,8.6542,104,3,0.0,1,1,0,2,0,1,1,0,0,1
104,37,7.925,105,3,0.0,1,1,0,2,1,1,1,0,0,2
105,28,7.8958,106,3,0.0,1,1,0,2,0,1,1,0,0,1
106,21,7.65,107,3,1.0,3,0,0,2,0,1,1,0,0,1
107,28,7.775,108,3,1.0,1,1,0,2,0,1,1,0,1,1
108,38,7.8958,109,3,0.0,1,1,0,2,0,1,1,0,0,2
109,17,24.15,110,3,1.0,3,0,1,1,1,2,1,0,1,0
110,47,52.0,111,1,0.0,1,1,1,2,0,2,0,1,0,3
111,14,14.4542,112,3,0.0,3,0,0,0,1,2,1,0,0,0
112,22,8.05,113,3,0.0,1,1,0,2,0,1,1,0,0,1
113,20,9.825,114,3,0.0,3,0,0,2,1,1,1,0,0,1
114,17,14.4583,115,3,0.0,3,0,0,0,0,2,1,0,0,0
115,21,7.925,116,3,0.0,1,1,0,2,0,1,1,0,0,1
116,70,7.75,117,3,0.0,1,1,0,1,0,1,1,0,0,4
117,29,21.0,118,2,0.0,1,1,1,2,1,2,1,0,0,1
118,24,247.5208,119,1,0.0,1,1,1,0,1,2,0,4,0,1
119,2,31.275,120,3,0.0,3,0,1,2,2,3,1,0,0,0
120,21,73.5,121,2,0.0,1,1,1,2,1,3,1,0,0,1
121,28,8.05,122,3,0.0,1,1,0,2,0,1,1,0,1,1
122,32,30.0708,123,2,0.0,1,1,1,0,1,2,1,0,0,1
123,32,13.0,124,2,1.0,3,0,0,2,0,1,0,7,0,1
124,54,77.2875,125,1,0.0,1,1,1,2,1,2,0,8,0,3
125,12,11.2417,126,3,1.0,5,1,0,0,1,2,1,0,0,0
126,28,7.75,127,3,0.0,1,1,0,1,0,1,1,0,1,1
127,24,7.1417,128,3,1.0,1,1,0,2,0,1,1,0,0,1
128,17,22.3583,129,3,1.0,3,0,1,0,1,2,0,3,1,0
129,45,6.975,130,3,0.0,1,1,0,2,0,1,1,0,0,3
130,33,7.8958,131,3,0.0,1,1,0,0,0,1,1,0,0,1
131,20,7.05,132,3,0.0,1,1,0,2,0,1,1,0,0,1
132,47,14.5,133,3,0.0,2,0,0,2,1,2,1,0,0,3
133,29,26.0,134,2,1.0,2,0,1,2,1,2,1,0,0,1
134,25,13.0,135,2,0.0,1,1,0,2,0,1,1,0,0,1
135,23,15.0458,136,2,0.0,1,1,0,0,0,1,1,0,0,1
136,19,26.2833,137,1,1.0,3,0,1,2,1,1,0,2,0,1
137,37,53.1,138,1,0.0,1,1,1,2,1,2,0,2,0,2
138,16,9.2167,139,3,0.0,1,1,0,2,0,2,1,0,0,0
139,24,79.2,140,1,0.0,1,1,1,0,0,2,0,3,0,1
140,32,15.2458,141,3,0.0,2,0,0,0,1,2,1,0,1,1
141,22,7.75,142,3,1.0,3,0,0,2,0,1,1,0,0,1
142,24,15.85,143,3,1.0,2,0,0,2,1,2,1,0,0,1
143,19,6.75,144,3,0.0,1,1,0,1,0,1,1,0,0,1
144,18,11.5,145,2,0.0,1,1,0,2,0,1,1,0,0,1
145,19,36.75,146,2,0.0,1,1,1,2,1,2,1,0,0,1
146,27,7.7958,147,3,1.0,1,1,0,2,0,1,1,0,0,1
147,9,34.375,148,3,0.0,3,0,1,2,2,2,1,0,0,0
148,36,26.0,149,2,0.0,1,1,1,2,1,2,0,6,0,2
149,42,13.0,150,2,0.0,4,1,0,2,0,1,1,0,0,2
150,51,12.525,151,2,0.0,4,1,0,2,0,1,1,0,0,3
151,22,66.6,152,1,1.0,2,0,1,2,1,2,0,6,0,1
152,55,8.05,153,3,0.0,1,1,0,2,0,1,1,0,0,3
153,40,14.5,154,3,0.0,1,1,0,2,1,2,1,0,0,2
154,28,7.3125,155,3,0.0,1,1,0,2,0,1,1,0,1,1
155,51,61.3792,156,1,0.0,1,1,1,0,1,2,1,0,0,3
156,16,7.7333,157,3,1.0,3,0,0,1,0,1,1,0,0,0
157,30,8.05,158,3,0.0,1,1,0,2,0,1,1,0,0,1
158,28,8.6625,159,3,0.0,1,1,0,2,0,1,1,0,1,1
159,6,69.55,160,3,0.0,5,1,1,2,2,4,1,0,1,0
160,44,16.1,161,3,0.0,1,1,0,2,1,2,1,0,0,3
161,40,15.75,162,2,1.0,2,0,0,2,0,2,1,0,0,2
162,26,7.775,163,3,0.0,1,1,0,2,0,1,1,0,0,1
163,17,8.6625,164,3,0.0,1,1,0,2,0,1,1,0,0,0
164,1,39.6875,165,3,0.0,5,1,1,2,2,3,1,0,0,0
165,9,20.525,166,3,1.0,5,1,1,2,1,2,1,0,0,0
166,42,55.0,167,1,1.0,2,0,1,2,1,2,0,8,1,2
167,45,27.9,168,3,0.0,2,0,1,2,2,3,1,0,0,3
168,41,25.925,169,1,0.0,1,1,1,2,0,1,1,0,1,2
169,28,56.4958,170,3,0.0,1,1,1,2,0,3,1,0,0,1
170,61,33.5,171,1,0.0,1,1,1,2,0,1,0,4,0,4
171,4,29.125,172,3,0.0,5,1,1,1,2,3,1,0,0,0
172,1,11.1333,173,3,1.0,3,0,0,2,1,2,1,0,0,0
173,21,7.925,174,3,0.0,1,1,0,2,0,1,1,0,0,1
174,56,30.6958,175,1,0.0,1,1,1,0,0,1,0,4,0,3
175,18,7.8542,176,3,0.0,1,1,0,2,1,1,1,0,0,1
176,6,25.4667,177,3,0.0,5,1,1,2,2,2,1,0,1,0
177,50,28.7125,178,1,0.0,3,0,1,0,0,1,0,5,0,3
178,30,13.0,179,2,0.0,1,1,0,2,0,1,1,0,0,1
179,36,0.0,180,3,0.0,1,1,0,2,0,2,1,0,0,2
180,17,69.55,181,3,0.0,3,0,1,2,2,4,1,0,1,0
181,32,15.05,182,2,0.0,1,1,0,0,0,1,1,0,1,1
182,9,31.3875,183,3,0.0,5,1,1,2,2,3,1,0,0,0
183,1,39.0,184,2,1.0,5,1,1,2,1,2,0,5,0,0
184,4,22.025,185,3,1.0,3,0,1,2,1,2,1,0,0,0
185,41,50.0,186,1,0.0,1,1,1,2,0,1,0,3,1,2
186,32,15.5,187,3,1.0,2,0,0,1,1,2,1,0,1,1
187,45,26.55,188,1,1.0,1,1,1,2,0,1,1,0,0,3
188,40,15.5,189,3,0.0,1,1,0,1,1,2,1,0,0,2
189,36,7.8958,190,3,0.0,1,1,0,2,0,1,1,0,0,2
190,32,13.0,191,2,1.0,2,0,0,2,0,1,1,0,0,1
191,19,13.0,192,2,0.0,1,1,0,2,0,1,1,0,0,1
192,19,7.8542,193,3,1.0,3,0,0,2,1,1,1,0,0,1
193,3,26.0,194,2,1.0,5,1,1,2,1,2,0,6,0,0
194,44,27.7208,195,1,1.0,2,0,1,0,0,1,0,5,0,3
195,58,146.5208,196,1,1.0,3,0,1,0,0,2,0,3,0,3
196,28,7.75,197,3,0.0,1,1,0,1,0,1,1,0,1,1
197,42,8.4042,198,3,0.0,1,1,0,2,1,1,1,0,0,2
198,17,7.75,199,3,1.0,3,0,0,1,0,1,1,0,1,0
199,24,13.0,200,2,0.0,3,0,0,2,0,1,1,0,0,1
200,28,9.5,201,3,0.0,1,1,0,2,0,1,1,0,0,1
201,28,69.55,202,3,0.0,1,1,1,2,2,4,1,0,1,1
202,34,6.4958,203,3,0.0,1,1,0,2,0,1,1,0,0,2
203,45,7.225,204,3,0.0,1,1,0,0,0,1,1,0,0,3
204,18,8.05,205,3,1.0,1,1,0,2,0,1,1,0,0,1
205,2,10.4625,206,3,0.0,3,0,0,2,1,2,0,9,0,0
206,32,15.85,207,3,0.0,1,1,0,2,1,2,1,0,0,1
207,26,18.7875,208,3,1.0,1,1,1,0,0,2,1,0,0,1
208,16,7.75,209,3,1.0,3,0,0,1,0,1,1,0,0,0
209,40,31.0,210,1,1.0,1,1,1,0,0,1,0,5,0,2
210,24,7.05,211,3,0.0,1,1,0,2,0,1,1,0,0,1
211,35,21.0,212,2,1.0,3,0,1,2,0,2,1,0,0,2
212,22,7.25,213,3,0.0,1,1,0,2,0,1,1,0,0,1
213,30,13.0,214,2,0.0,1,1,0,2,0,1,1,0,0,1
214,28,7.75,215,3,0.0,1,1,0,1,1,1,1,0,1,1
215,31,113.275,216,1,1.0,3,0,1,0,1,2,0,5,0,1
216,27,7.925,217,3,1.0,3,0,0,2,0,1,1,0,0,1
217,42,27.0,218,2,0.0,1,1,1,2,1,2,1,0,0,2
218,32,76.2917,219,1,1.0,3,0,1,0,0,2,0,2,0,1
219,30,10.5,220,2,0.0,1,1,0,2,0,1,1,0,0,1
220,16,8.05,221,3,1.0,1,1,0,2,0,1,1,0,0,0
221,27,13.0,222,2,0.0,1,1,0,2,0,1,1,0,0,1
222,51,8.05,223,3,0.0,1,1,0,2,0,1,1,0,0,3
223,28,7.8958,224,3,0.0,1,1,0,2,0,1,1,0,1,1
224,38,90.0,225,1,1.0,1,1,1,2,1,2,0,2,0,2
225,22,9.35,226,3,0.0,1,1,0,2,0,1,1,0,0,1
226,19,10.5,227,2,1.0,1,1,0,2,0,1,1,0,0,1
227,20,7.25,228,3,0.0,1,1,0,2,0,1,1,0,0,1
228,18,13.0,229,2,0.0,1,1,0,2,0,1,1,0,0,1
229,17,25.4667,230,3,0.0,3,0,1,2,2,2,1,0,1,0
230,35,83.475,231,1,1.0,2,0,1,2,1,2,0,2,0,2
231,29,7.775,232,3,0.0,1,1,0,2,0,1,1,0,0,1
232,59,13.5,233,2,0.0,1,1,0,2,0,1,1,0,0,4
233,5,31.3875,234,3,1.0,3,0,1,2,2,3,1,0,0,0
234,24,10.5,235,2,0.0,1,1,0,2,0,1,1,0,0,1
235,17,7.55,236,3,0.0,3,0,0,2,0,1,1,0,1,0
236,44,26.0,237,2,0.0,1,1,1,2,1,2,1,0,0,3
237,8,26.25,238,2,1.0,3,0,1,2,1,2,1,0,0,0
238,19,10.5,239,2,0.0,1,1,0,2,0,1,1,0,0,1
239,33,12.275,240,2,0.0,1,1,0,2,0,1,1,0,0,1
240,17,14.4542,241,3,0.0,3,0,0,0,1,2,1,0,1,0
241,17,15.5,242,3,1.0,3,0,0,1,1,2,1,0,1,0
242,29,10.5,243,2,0.0,1,1,0,2,0,1,1,0,0,1
243,22,7.125,244,3,0.0,1,1,0,2,0,1,1,0,0,1
244,30,7.225,245,3,0.0,1,1,0,0,0,1,1,0,0,1
245,44,90.0,246,1,0.0,5,1,1,1,1,2,0,6,0,3
246,25,7.775,247,3,0.0,3,0,0,2,0,1,1,0,0,1
247,24,14.5,248,2,1.0,2,0,0,2,1,2,1,0,0,1
248,37,52.5542,249,1,1.0,1,1,1,2,1,2,0,4,0,2
249,54,26.0,250,2,0.0,4,1,1,2,1,2,1,0,0,3
250,28,7.25,251,3,0.0,1,1,0,2,0,1,1,0,1,1
251,29,10.4625,252,3,0.0,2,0,0,2,1,2,0,9,0,1
252,62,26.55,253,1,0.0,1,1,1,2,0,1,0,1,0,4
253,30,16.1,254,3,0.0,1,1,0,2,1,2,1,0,0,1
254,41,20.2125,255,3,0.0,2,0,1,2,1,2,1,0,0,2
255,29,15.2458,256,3,1.0,2,0,0,0,1,2,1,0,0,1
256,42,79.2,257,1,1.0,2,0,1,0,0,2,1,0,1,2
257,30,86.5,258,1,1.0,3,0,1,2,0,2,0,3,0,1
258,35,512.3292,259,1,1.0,3,0,1,0,0,2,1,0,0,2
259,50,26.0,260,2,1.0,2,0,1,2,1,2,1,0,0,3
260,28,7.75,261,3,0.0,1,1,0,1,0,1,1,0,1,1
261,3,31.3875,262,3,1.0,5,1,1,2,2,3,1,0,0,0
262,52,79.65,263,1,0.0,1,1,1,2,1,2,0,2,0,3
263,40,0.0,264,1,0.0,1,1,0,2,0,1,0,1,0,2
264,17,7.75,265,3,0.0,3,0,0,1,0,1,1,0,1,0
265,36,10.5,266,2,0.0,1,1,0,2,0,1,1,0,0,2
266,16,39.6875,267,3,0.0,1,1,1,2,2,3,1,0,0,0
267,25,7.775,268,3,1.0,1,1,0,2,1,1,1,0,0,1
268,58,153.4625,269,1,1.0,2,0,1,2,1,2,0,2,0,3
269,35,135.6333,270,1,1.0,3,0,1,2,0,2,0,1,0,2
270,41,31.0,271,1,0.0,1,1,1,2,0,2,1,0,1,2
271,25,0.0,272,3,1.0,1,1,0,2,0,2,1,0,0,1
272,41,19.5,273,2,1.0,2,0,1,2,1,2,1,0,0,2
273,37,29.7,274,1,0.0,1,1,1,0,1,1,0,1,0,2
274,17,7.75,275,3,1.0,3,0,0,1,0,1,1,0,1,0
275,63,77.9583,276,1,1.0,3,0,1,2,1,2,0,4,0,4
276,45,7.75,277,3,0.0,3,0,0,2,0,1,1,0,0,3
277,32,0.0,278,2,0.0,1,1,0,2,0,2,1,0,1,1
278,7,29.125,279,3,0.0,5,1,1,1,2,3,1,0,0,0
279,35,20.25,280,3,1.0,2,0,1,2,1,2,1,0,0,2
280,65,7.75,281,3,0.0,1,1,0,1,0,1,1,0,0,4
281,28,7.8542,282,3,0.0,1,1,0,2,0,1,1,0,0,1
282,16,9.5,283,3,0.0,1,1,0,2,0,1,1,0,0,0
283,19,8.05,284,3,1.0,1,1,0,2,0,1,1,0,0,1
284,41,26.0,285,1,0.0,1,1,1,2,0,1,0,4,1,2
285,33,8.6625,286,3,0.0,1,1,0,0,0,1,1,0,0,1
286,30,9.5,287,3,1.0,1,1,0,2,0,1,1,0,0,1
287,22,7.8958,288,3,0.0,1,1,0,2,0,1,1,0,0,1
288,42,13.0,289,2,1.0,1,1,0,2,0,1,1,0,0,2
289,22,7.75,290,3,1.0,3,0,0,1,0,1,1,0,0,1
290,26,78.85,291,1,1.0,3,0,1,2,0,2,1,0,0,1
291,19,91.0792,292,1,1.0,2,0,1,0,1,2,0,5,0,1
292,36,12.875,293,2,0.0,1,1,0,0,0,1,0,0,0,2
293,24,8.85,294,3,0.0,3,0,0,2,0,1,1,0,0,1
294,24,7.8958,295,3,0.0,1,1,0,2,0,1,1,0,0,1
295,41,27.7208,296,1,0.0,1,1,1,0,0,1,1,0,1,2
296,23,7.2292,297,3,0.0,1,1,0,0,0,1,1,0,0,1
297,2,151.55,298,1,0.0,3,0,1,2,1,3,0,8,0,0
298,41,30.5,299,1,1.0,1,1,1,2,0,1,0,2,1,2
299,50,247.5208,300,1,1.0,2,0,1,0,1,2,0,4,0,3
300,17,7.75,301,3,1.0,3,0,0,1,0,1,1,0,1,0
301,28,23.25,302,3,1.0,1,1,1,1,1,2,1,0,1,1
302,19,0.0,303,3,0.0,1,1,0,2,0,2,1,0,0,1
303,20,12.35,304,2,1.0,3,0,0,1,0,1,0,7,1,1
304,28,8.05,305,3,0.0,1,1,0,2,0,1,1,0,1,1
305,0,151.55,306,1,1.0,5,1,1,2,1,3,0,8,0,0
306,30,110.8833,307,1,1.0,3,0,1,0,0,2,1,0,1,1
307,17,108.9,308,1,1.0,2,0,1,0,1,2,0,2,0,0
308,30,24.0,309,2,0.0,1,1,1,0,1,2,1,0,0,1
309,30,56.9292,310,1,1.0,3,0,1,0,0,2,0,5,0,1
310,24,83.1583,311,1,1.0,3,0,1,0,0,2,0,2,0,1
311,18,262.375,312,1,1.0,3,0,1,0,2,3,0,5,0,1
312,26,26.0,313,2,0.0,2,0,1,2,1,2,1,0,0,1
313,28,7.8958,314,3,0.0,1,1,0,2,0,1,1,0,0,1
314,43,26.25,315,2,0.0,1,1,1,2,1,2,1,0,0,2
315,26,7.8542,316,3,1.0,3,0,0,2,0,1,1,0,0,1
316,24,26.0,317,2,1.0,2,0,1,2,1,2,1,0,0,1
317,54,14.0,318,2,0.0,5,1,0,2,0,1,1,0,0,3
318,31,164.8667,319,1,1.0,3,0,1,2,1,2,0,4,0,1
319,40,134.5,320,1,1.0,2,0,1,0,1,2,0,7,0,2
320,22,7.25,321,3,0.0,1,1,0,2,0,1,1,0,0,1
321,27,7.8958,322,3,0.0,1,1,0,2,0,1,1,0,0,1
322,30,12.35,323,2,1.0,3,0,0,1,0,1,1,0,0,1
323,22,29.0,324,2,1.0,2,0,1,2,1,2,1,0,0,1
324,28,69.55,325,3,0.0,1,1,1,2,2,4,1,0,1,1
325,36,135.6333,326,1,1.0,3,0,1,0,0,2,0,3,0,2
326,61,6.2375,327,3,0.0,1,1,0,2,0,1,1,0,0,4
327,36,13.0,328,2,1.0,2,0,0,2,0,1,0,0,0,2
328,31,20.525,329,3,1.0,2,0,1,2,1,2,1,0,0,1
329,16,57.9792,330,1,1.0,3,0,1,0,1,2,0,3,0,0
330,17,23.25,331,3,1.0,3,0,1,1,1,2,1,0,1,0
331,45,28.5,332,1,0.0,1,1,1,2,0,1,0,2,0,3
332,38,153.4625,333,1,0.0,1,1,1,2,1,2,0,1,0,2
333,16,18.0,334,3,0.0,1,1,1,2,1,2,1,0,0,0
334,42,133.65,335,1,1.0,2,0,1,2,1,2,1,0,1,2
335,28,7.8958,336,3,0.0,1,1,0,2,0,1,1,0,1,1
336,29,66.6,337,1,0.0,1,1,1,2,1,2,0,6,0,1
337,41,134.5,338,1,1.0,3,0,1,0,0,2,0,2,0,2
338,45,8.05,339,3,1.0,1,1,0,2,0,1,1,0,0,3
339,45,35.5,340,1,0.0,1,1,1,2,0,1,0,0,0,3
340,2,26.0,341,2,1.0,5,1,1,2,1,2,0,6,0,0
341,24,263.0,342,1,1.0,3,0,1,2,2,3,0,6,0,1
342,28,13.0,343,2,0.0,1,1,0,2,0,1,1,0,0,1
343,25,13.0,344,2,0.0,1,1,0,2,0,1,1,0,0,1
344,36,13.0,345,2,0.0,1,1,0,2,0,1,1,0,0,2
345,24,13.0,346,2,1.0,3,0,0,2,0,1,0,8,0,1
346,40,13.0,347,2,1.0,3,0,0,2,0,1,1,0,0,2
347,32,16.1,348,3,1.0,2,0,0,2,1,2,1,0,1,1
348,3,15.9,349,3,1.0,5,1,0,2,1,2,1,0,0,0
349,42,8.6625,350,3,0.0,1,1,0,2,0,1,1,0,0,2
350,23,9.225,351,3,0.0,1,1,0,2,0,1,1,0,0,1
351,41,35.0,352,1,0.0,1,1,1,2,0,1,0,1,1,2
352,15,7.2292,353,3,0.0,1,1,0,0,1,1,1,0,0,0
353,25,17.8,354,3,0.0,1,1,1,2,1,2,1,0,0,1
354,28,7.225,355,3,0.0,1,1,0,0,0,1,1,0,1,1
355,28,9.5,356,3,0.0,1,1,0,2,0,1,1,0,0,1
356,22,55.0,357,1,1.0,3,0,1,2,1,2,0,8,0,1
357,38,13.0,358,2,0.0,3,0,0,2,0,1,1,0,0,2
358,17,7.8792,359,3,1.0,3,0,0,1,0,1,1,0,1,0
359,17,7.8792,360,3,1.0,3,0,0,1,0,1,1,0,1,0
360,40,27.9,361,3,0.0,1,1,1,2,2,3,1,0,0,2
361,29,27.7208,362,2,0.0,1,1,1,0,1,2,1,0,0,1
362,45,14.4542,363,3,0.0,2,0,0,0,1,2,1,0,0,3
363,35,7.05,364,3,0.0,1,1,0,2,0,1,1,0,0,2
364,28,15.5,365,3,0.0,1,1,0,1,1,2,1,0,1,1
365,30,7.25,366,3,0.0,1,1,0,2,0,1,1,0,0,1
366,60,75.25,367,1,1.0,2,0,1,0,1,2,0,3,0,4
367,32,7.2292,368,3,1.0,2,0,0,0,0,1,1,0,1,1
368,17,7.75,369,3,1.0,3,0,0,1,0,1,1,0,1,0
369,24,69.3,370,1,1.0,5,0,1,0,0,2,0,4,0,1
370,25,55.4417,371,1,1.0,1,1,1,0,1,2,0,5,0,1
371,18,6.4958,372,3,0.0,1,1,0,2,1,1,1,0,0,1
372,19,8.05,373,3,0.0,1,1,0,2,0,1,1,0,0,1
373,22,135.6333,374,1,0.0,1,1,1,0,0,2,1,0,0,1
374,3,21.075,375,3,0.0,3,0,1,2,2,2,1,0,0,0
375,42,82.1708,376,1,1.0,2,0,1,0,1,2,1,0,1,2
376,22,7.25,377,3,1.0,3,0,0,2,0,1,1,0,0,1
377,27,211.5,378,1,0.0,1,1,1,0,1,2,0,1,0,1
378,20,4.0125,379,3,0.0,1,1,0,0,0,1,1,0,0,1
379,19,7.775,380,3,0.0,1,1,0,2,0,1,1,0,0,1
380,42,227.525,381,1,1.0,3,0,1,0,0,2,1,0,0,2
381,1,15.7417,382,3,1.0,3,0,0,0,1,2,1,0,0,0
382,32,7.925,383,3,0.0,1,1,0,2,0,1,1,0,0,1
383,35,52.0,384,1,1.0,2,0,1,2,1,2,1,0,0,2
384,28,7.8958,385,3,0.0,1,1,0,2,0,1,1,0,1,1
385,18,73.5,386,2,0.0,1,1,1,2,0,3,1,0,0,1
386,1,46.9,387,3,0.0,5,1,1,2,2,3,1,0,0,0
387,36,13.0,388,2,1.0,3,0,0,2,0,1,1,0,0,2
388,28,7.7292,389,3,0.0,1,1,0,1,0,1,1,0,1,1
389,17,12.0,390,2,1.0,3,0,0,0,0,1,1,0,0,0
390,36,120.0,391,1,1.0,1,1,1,2,1,2,0,4,0,2
391,21,7.7958,392,3,1.0,1,1,0,2,0,1,1,0,0,1
392,28,7.925,393,3,0.0,1,1,0,2,1,1,1,0,0,1
393,23,113.275,394,1,1.0,3,0,1,0,1,2,0,5,0,1
394,24,16.7,395,3,1.0,2,0,0,2,1,2,0,9,0,1
395,22,7.7958,396,3,0.0,1,1,0,2,0,1,1,0,0,1
396,31,7.8542,397,3,0.0,3,0,0,2,0,1,1,0,0,1
397,46,26.0,398,2,0.0,1,1,1,2,0,2,1,0,0,3
398,23,10.5,399,2,0.0,5,1,0,2,0,1,1,0,0,1
399,28,12.65,400,2,1.0,2,0,0,2,0,1,1,0,0,1
400,39,7.925,401,3,1.0,1,1,0,2,0,1,1,0,0,2
401,26,8.05,402,3,0.0,1,1,0,2,0,1,1,0,0,1
402,21,9.825,403,3,0.0,3,0,0,2,1,1,1,0,0,1
403,28,15.85,404,3,0.0,1,1,0,2,1,2,1,0,0,1
404,20,8.6625,405,3,0.0,3,0,0,2,0,1,1,0,0,1
405,34,21.0,406,2,0.0,1,1,1,2,1,2,1,0,0,2
406,51,7.75,407,3,0.0,1,1,0,2,0,1,1,0,0,3
407,3,18.75,408,2,1.0,5,1,1,2,1,2,1,0,0,0
408,21,7.775,409,3,0.0,1,1,0,2,0,1,1,0,0,1
409,17,25.4667,410,3,0.0,3,0,1,2,2,2,1,0,1,0
410,28,7.8958,411,3,0.0,1,1,0,2,0,1,1,0,1,1
411,28,6.8583,412,3,0.0,1,1,0,1,0,1,1,0,1,1
412,33,90.0,413,1,1.0,3,0,1,1,1,2,0,6,0,1
413,32,0.0,414,2,0.0,1,1,0,2,0,2,1,0,1,1
414,44,7.925,415,3,1.0,1,1,0,2,0,1,1,0,0,3
415,32,8.05,416,3,0.0,2,0,0,2,0,1,1,0,1,1
416,34,32.5,417,2,1.0,2,0,1,2,1,2,1,0,0,2
417,18,13.0,418,2,1.0,3,0,0,2,1,1,1,0,0,1
418,30,13.0,419,2,0.0,1,1,0,2,0,1,1,0,0,1
419,10,24.15,420,3,0.0,3,0,1,2,1,2,1,0,0,0
420,28,7.8958,421,3,0.0,1,1,0,0,0,1,1,0,1,1
421,21,7.7333,422,3,0.0,1,1,0,1,0,1,1,0,0,1
422,29,7.875,423,3,0.0,1,1,0,2,0,1,1,0,0,1
423,28,14.4,424,3,0.0,2,0,0,2,1,2,1,0,0,1
424,18,20.2125,425,3,0.0,1,1,1,2,1,2,1,0,0,1
425,28,7.25,426,3,0.0,1,1,0,2,0,1,1,0,1,1
426,28,26.0,427,2,1.0,2,0,1,2,1,2,1,0,0,1
427,19,26.0,428,2,1.0,3,0,1,2,0,2,1,0,0,1
428,28,7.75,429,3,0.0,1,1,0,1,0,1,1,0,1,1
429,32,8.05,430,3,1.0,1,1,0,2,0,1,0,3,0,1
430,28,26.55,431,1,1.0,1,1,1,2,0,1,0,3,0,1
431,32,16.1,432,3,1.0,2,0,0,2,1,2,1,0,1,1
432,42,26.0,433,2,1.0,2,0,1,2,1,2,1,0,0,2
433,17,7.125,434,3,0.0,1,1,0,2,0,1,1,0,0,0
434,50,55.9,435,1,0.0,1,1,1,2,1,2,0,2,0,3
435,14,120.0,436,1,1.0,3,0,1,2,1,2,0,4,0,0
436,21,34.375,437,3,0.0,3,0,1,2,2,2,1,0,0,1
437,24,18.75,438,2,1.0,2,0,1,2,2,2,1,0,0,1
438,64,263.0,439,1,0.0,1,1,1,2,2,3,0,6,0,4
439,31,10.5,440,2,0.0,1,1,0,2,0,1,1,0,0,1
440,45,26.25,441,2,1.0,2,0,1,2,1,2,1,0,0,3
441,20,9.5,442,3,0.0,1,1,0,2,0,1,1,0,0,1
442,25,7.775,443,3,0.0,1,1,0,2,1,1,1,0,0,1
443,28,13.0,444,2,1.0,2,0,0,2,0,1,1,0,0,1
444,28,8.1125,445,3,1.0,1,1,0,2,0,1,1,0,1,1
445,4,81.8583,446,1,1.0,5,1,1,2,1,2,0,7,0,0
446,13,19.5,447,2,1.0,3,0,1,2,1,2,1,0,0,0
447,34,26.55,448,1,1.0,1,1,1,2,0,1,1,0,0,2
448,5,19.2583,449,3,1.0,3,0,1,0,1,2,1,0,0,0
449,52,30.5,450,1,1.0,5,1,1,2,0,1,0,1,0,3
450,36,27.75,451,2,0.0,1,1,1,2,1,2,1,0,0,2
451,28,19.9667,452,3,0.0,1,1,1,2,1,1,1,0,1,1
452,30,27.75,453,1,0.0,1,1,1,0,0,1,0,1,0,1
453,49,89.1042,454,1,1.0,1,1,1,0,1,2,0,2,0,3
454,28,8.05,455,3,0.0,1,1,0,2,0,1,1,0,1,1
455,29,7.8958,456,3,1.0,1,1,0,0,0,1,1,0,0,1
456,65,26.55,457,1,0.0,1,1,1,2,0,1,0,4,0,4
457,42,51.8625,458,1,1.0,2,0,1,2,1,2,0,3,1,2
458,50,10.5,459,2,1.0,3,0,0,2,0,1,1,0,0,3
459,28,7.75,460,3,0.0,1,1,0,1,0,1,1,0,1,1
460,48,26.55,461,1,1.0,1,1,1,2,0,1,0,3,0,3
461,34,8.05,462,3,0.0,1,1,0,2,0,1,1,0,0,2
462,47,38.5,463,1,0.0,1,1,1,2,0,1,0,3,0,3
463,48,13.0,464,2,0.0,1,1,0,2,0,1,1,0,0,3
464,28,8.05,465,3,0.0,1,1,0,2,0,1,1,0,1,1
465,38,7.05,466,3,0.0,1,1,0,2,0,1,1,0,0,2
466,32,0.0,467,2,0.0,1,1,0,2,0,2,1,0,1,1
467,56,26.55,468,1,0.0,1,1,1,2,0,1,1,0,0,3
468,28,7.725,469,3,0.0,1,1,0,1,0,1,1,0,1,1
469,0,19.2583,470,3,1.0,3,0,1,0,1,2,1,0,0,0
470,28,7.25,471,3,0.0,1,1,0,2,0,1,1,0,1,1
471,38,8.6625,472,3,0.0,1,1,0,2,0,1,1,0,0,2
472,33,27.75,473,2,1.0,2,0,1,2,1,2,1,0,0,1
473,23,13.7917,474,2,1.0,2,0,0,0,0,1,0,0,0,1
474,22,9.8375,475,3,0.0,3,0,0,2,0,1,1,0,0,1
475,41,52.0,476,1,0.0,1,1,1,2,0,2,0,1,1,2
476,34,21.0,477,2,0.0,1,1,1,2,1,2,1,0,0,2
477,29,7.0458,478,3,0.0,1,1,0,2,1,1,1,0,0,1
478,22,7.5208,479,3,0.0,1,1,0,2,0,1,1,0,0,1
479,2,12.2875,480,3,1.0,3,0,0,2,1,2,1,0,0,0
480,9,46.9,481,3,0.0,5,1,1,2,2,3,1,0,0,0
481,32,0.0,482,2,0.0,1,1,0,2,0,1,1,0,1,1
482,50,8.05,483,3,0.0,1,1,0,2,0,1,1,0,0,3
483,63,9.5875,484,3,1.0,2,0,0,2,0,1,1,0,0,4
484,25,91.0792,485,1,1.0,1,1,1,0,1,2,0,5,0,1
485,17,25.4667,486,3,0.0,3,0,1,2,2,2,1,0,1,0
486,35,90.0,487,1,1.0,2,0,1,2,1,2,0,2,0,2
487,58,29.7,488,1,0.0,1,1,1,0,0,1,0,3,0,3
488,30,8.05,489,3,0.0,1,1,0,2,0,1,1,0,0,1
489,9,15.9,490,3,1.0,5,1,0,2,1,2,1,0,0,0
490,28,19.9667,491,3,0.0,1,1,1,2,1,1,1,0,1,1
491,21,7.25,492,3,0.0,1,1,0,2,0,1,1,0,0,1
492,55,30.5,493,1,0.0,1,1,1,2,0,1,0,4,0,3
493,71,49.5042,494,1,0.0,1,1,1,0,0,1,1,0,0,4
494,21,8.05,495,3,0.0,1,1,0,2,0,1,1,0,0,1
495,28,14.4583,496,3,0.0,1,1,0,0,0,2,1,0,1,1
496,54,78.2667,497,1,1.0,3,0,1,0,1,2,0,5,0,3
497,28,15.1,498,3,0.0,1,1,0,2,0,2,1,0,1,1
498,25,151.55,499,1,0.0,2,0,1,2,1,3,0,8,0,1
499,24,7.7958,500,3,0.0,1,1,0,2,0,1,1,0,0,1
500,17,8.6625,501,3,0.0,1,1,0,2,0,1,1,0,0,0
501,21,7.75,502,3,0.0,3,0,0,1,0,1,1,0,0,1
502,17,7.6292,503,3,0.0,3,0,0,1,0,1,1,0,1,0
503,37,9.5875,504,3,0.0,3,0,0,2,0,1,1,0,0,2
504,16,86.5,505,1,1.0,3,0,1,2,0,2,0,1,0,0
505,18,108.9,506,1,0.0,1,1,1,0,1,2,0,2,0,1
506,33,26.0,507,2,1.0,2,0,1,2,1,2,1,0,0,1
507,41,26.55,508,1,1.0,1,1,1,2,0,1,1,0,1,2
508,28,22.525,509,3,0.0,1,1,1,2,0,2,1,0,0,1
509,26,56.4958,510,3,1.0,1,1,1,2,0,3,1,0,0,1
510,29,7.75,511,3,1.0,1,1,0,1,0,1,1,0,0,1
511,28,8.05,512,3,0.0,1,1,0,2,0,1,1,0,1,1
512,36,26.2875,513,1,1.0,1,1,1,2,0,1,0,2,0,2
513,54,59.4,514,1,1.0,2,0,1,0,1,2,1,0,0,3
514,24,7.4958,515,3,0.0,1,1,0,2,0,1,1,0,0,1
515,47,34.0208,516,1,0.0,1,1,1,2,0,1,0,6,0,3
516,34,10.5,517,2,1.0,2,0,0,2,0,1,0,8,0,2
517,28,24.15,518,3,0.0,1,1,1,1,0,2,1,0,1,1
518,36,26.0,519,2,1.0,2,0,1,2,1,2,1,0,0,2
519,32,7.8958,520,3,0.0,1,1,0,2,0,1,1,0,0,1
520,30,93.5,521,1,1.0,3,0,1,2,0,2,0,3,0,1
521,22,7.8958,522,3,0.0,1,1,0,2,0,1,1,0,0,1
522,28,7.225,523,3,0.0,1,1,0,0,0,1,1,0,1,1
523,44,57.9792,524,1,1.0,2,0,1,0,1,2,0,3,0,3
524,28,7.2292,525,3,0.0,1,1,0,0,0,1,1,0,1,1
525,40,7.75,526,3,0.0,1,1,0,1,0,1,1,0,0,2
526,50,10.5,527,2,1.0,3,0,0,2,0,1,1,0,0,3
527,41,221.7792,528,1,0.0,1,1,1,2,0,2,0,1,1,2
528,39,7.925,529,3,0.0,1,1,0,2,0,1,1,0,0,2
529,23,11.5,530,2,0.0,1,1,0,2,1,1,1,0,0,1
530,2,26.0,531,2,1.0,3,0,1,2,1,2,1,0,0,0
531,28,7.2292,532,3,0.0,1,1,0,0,0,1,1,0,1,1
532,17,7.2292,533,3,0.0,1,1,0,0,1,1,1,0,0,0
533,32,22.3583,534,3,1.0,2,0,1,0,1,2,1,0,1,1
534,30,8.6625,535,3,0.0,3,0,0,2,0,1,1,0,0,1
535,7,26.25,536,2,1.0,3,0,1,2,1,2,1,0,0,0
536,45,26.55,537,1,0.0,5,1,1,2,0,1,0,4,0,3
537,30,106.425,538,1,1.0,3,0,1,0,0,2,1,0,0,1
538,28,14.5,539,3,0.0,1,1,0,2,0,2,1,0,1,1
539,22,49.5,540,1,1.0,3,0,1,0,1,1,0,2,0,1
540,36,71.0,541,1,1.0,3,0,1,2,1,2,0,3,0,2
541,9,31.275,542,3,0.0,3,0,1,2,2,3,1,0,0,0
542,11,31.275,543,3,0.0,3,0,1,2,2,3,1,0,0,0
543,32,26.0,544,2,1.0,1,1,1,2,1,2,1,0,0,1
544,50,106.425,545,1,0.0,1,1,1,0,1,2,0,3,0,3
545,64,26.0,546,1,0.0,1,1,1,2,0,1,1,0,0,4
546,19,26.0,547,2,1.0,2,0,1,2,1,2,1,0,0,1
547,32,13.8625,548,2,1.0,1,1,0,0,0,1,1,0,1,1
548,33,20.525,549,3,0.0,1,1,1,2,1,2,1,0,0,1
549,8,36.75,550,2,1.0,5,1,1,2,1,2,1,0,0,0
550,17,110.8833,551,1,1.0,1,1,1,0,1,2,0,1,0,0
551,27,26.0,552,2,0.0,1,1,1,2,0,2,1,0,0,1
552,28,7.8292,553,3,0.0,1,1,0,1,0,1,1,0,1,1
553,22,7.225,554,3,1.0,1,1,0,0,0,1,1,0,0,1
554,22,7.775,555,3,1.0,3,0,0,2,0,1,1,0,0,1
555,62,26.55,556,1,0.0,1,1,1,2,0,1,1,0,0,4
556,48,39.6,557,1,1.0,2,0,1,0,1,1,0,1,0,3
557,41,227.525,558,1,0.0,1,1,1,0,0,2,1,0,1,2
558,39,79.65,559,1,1.0,2,0,1,2,1,2,0,2,0,2
559,36,17.4,560,3,1.0,2,0,1,2,1,2,1,0,0,2
560,28,7.75,561,3,0.0,1,1,0,1,0,1,1,0,1,1
561,40,7.8958,562,3,0.0,1,1,0,2,0,1,1,0,0,2
562,28,13.5,563,2,0.0,1,1,0,2,0,1,1,0,0,1
563,28,8.05,564,3,0.0,1,1,0,2,0,1,1,0,1,1
564,17,8.05,565,3,0.0,3,0,0,2,0,1,1,0,1,0
565,24,24.15,566,3,0.0,1,1,1,2,1,2,1,0,0,1
566,19,7.8958,567,3,0.0,1,1,0,2,0,1,1,0,0,1
567,29,21.075,568,3,0.0,2,0,1,2,2,2,1,0,0,1
568,28,7.2292,569,3,0.0,1,1,0,0,0,1,1,0,1,1
569,32,7.8542,570,3,1.0,1,1,0,2,0,1,1,0,0,1
570,62,10.5,571,2,1.0,1,1,0,2,0,1,1,0,0,4
571,53,51.4792,572,1,1.0,2,0,1,2,1,2,0,7,0,3
572,36,26.3875,573,1,1.0,1,1,1,2,0,1,0,2,0,2
573,17,7.75,574,3,1.0,3,0,0,1,0,1,1,0,1,0
574,16,8.05,575,3,0.0,1,1,0,2,0,1,1,0,0,0
575,19,14.5,576,3,0.0,1,1,0,2,0,2,1,0,0,1
576,34,13.0,577,2,1.0,3,0,0,2,0,1,1,0,0,2
577,39,55.9,578,1,1.0,2,0,1,2,1,2,0,2,0,2
578,32,14.4583,579,3,0.0,2,0,0,0,1,2,1,0,1,1
579,32,7.925,580,3,1.0,1,1,0,2,0,1,1,0,0,1
580,25,30.0,581,2,1.0,3,0,1,2,1,2,1,0,0,1
581,39,110.8833,582,1,1.0,2,0,1,0,1,2,0,3,0,2
582,54,26.0,583,2,0.0,1,1,1,2,0,2,1,0,0,3
583,36,40.125,584,1,0.0,1,1,1,0,0,1,0,3,0,2
584,28,8.7125,585,3,0.0,1,1,0,0,0,1,1,0,1,1
585,18,79.65,586,1,1.0,3,0,1,2,1,2,0,3,0,1
586,47,15.0,587,2,0.0,1,1,0,2,0,1,1,0,0,3
587,60,79.2,588,1,1.0,1,1,1,0,1,2,0,3,0,4
588,22,8.05,589,3,0.0,1,1,0,2,0,1,1,0,0,1
589,28,8.05,590,3,0.0,1,1,0,2,0,1,1,0,1,1
590,35,7.125,591,3,0.0,1,1,0,2,0,1,1,0,0,2
591,52,78.2667,592,1,1.0,2,0,1,0,1,2,0,5,0,3
592,47,7.25,593,3,0.0,1,1,0,2,0,1,1,0,0,3
593,17,7.75,594,3,0.0,3,0,0,1,1,1,1,0,1,0
594,37,26.0,595,2,0.0,1,1,1,2,1,2,1,0,0,2
595,36,24.15,596,3,0.0,1,1,1,2,1,2,1,0,0,2
596,20,33.0,597,2,1.0,3,0,1,2,0,2,1,0,1,1
597,49,0.0,598,3,0.0,1,1,0,2,0,2,1,0,0,3
598,28,7.225,599,3,0.0,1,1,0,0,0,1,1,0,1,1
599,49,56.9292,600,1,1.0,5,1,1,0,1,2,0,5,0,3
600,24,27.0,601,2,1.0,2,0,1,2,1,2,1,0,0,1
601,28,7.8958,602,3,0.0,1,1,0,2,0,1,1,0,1,1
602,41,42.4,603,1,0.0,1,1,1,2,0,2,1,0,1,2
603,44,8.05,604,3,0.0,1,1,0,2,0,1,1,0,0,3
604,35,26.55,605,1,1.0,1,1,1,0,0,1,1,0,0,2
605,36,15.55,606,3,0.0,1,1,0,2,1,2,1,0,0,2
606,30,7.8958,607,3,0.0,1,1,0,2,0,1,1,0,0,1
607,27,30.5,608,1,1.0,1,1,1,2,0,1,1,0,0,1
608,22,41.5792,609,2,1.0,2,0,1,0,1,2,1,0,0,1
609,40,153.4625,610,1,1.0,3,0,1,2,0,2,0,2,0,2
610,39,31.275,611,3,0.0,2,0,1,2,2,3,1,0,0,2
611,28,7.05,612,3,0.0,1,1,0,2,0,1,1,0,1,1
612,17,15.5,613,3,1.0,3,0,0,1,1,2,1,0,1,0
613,28,7.75,614,3,0.0,1,1,0,1,0,1,1,0,1,1
614,35,8.05,615,3,0.0,1,1,0,2,0,1,1,0,0,2
615,24,65.0,616,2,1.0,3,0,1,2,1,2,1,0,0,1
616,34,14.4,617,3,0.0,1,1,0,2,1,2,1,0,0,2
617,26,16.1,618,3,0.0,2,0,0,2,1,2,1,0,0,1
618,4,39.0,619,2,1.0,3,0,1,2,1,2,0,5,0,0
619,26,10.5,620,2,0.0,1,1,0,2,0,1,1,0,0,1
620,27,14.4542,621,3,0.0,1,1,0,0,1,2,1,0,0,1
621,42,52.5542,622,1,1.0,1,1,1,2,1,2,0,4,0,2
622,20,15.7417,623,3,1.0,1,1,0,0,1,2,1,0,0,1
623,21,7.8542,624,3,0.0,1,1,0,2,0,1,1,0,0,1
624,21,16.1,625,3,0.0,1,1,0,2,0,2,1,0,0,1
625,61,32.3208,626,1,0.0,1,1,1,2,0,1,0,5,0,4
626,57,12.35,627,2,0.0,4,1,0,1,0,1,1,0,0,3
627,21,77.9583,628,1,1.0,3,0,1,2,0,2,0,2,0,1
628,26,7.8958,629,3,0.0,1,1,0,2,0,1,1,0,0,1
629,28,7.7333,630,3,0.0,1,1,0,1,0,1,1,0,1,1
630,80,30.0,631,1,1.0,1,1,1,2,0,1,0,1,0,4
631,51,7.0542,632,3,0.0,1,1,0,2,0,1,1,0,0,3
632,32,30.5,633,1,1.0,5,1,1,0,0,1,0,5,0,1
633,41,0.0,634,1,0.0,1,1,0,2,0,1,1,0,1,2
634,9,27.9,635,3,0.0,3,0,1,2,2,3,1,0,0,0
635,28,13.0,636,2,1.0,3,0,0,2,0,1,1,0,0,1
636,32,7.925,637,3,0.0,1,1,0,2,0,1,1,0,0,1
637,31,26.25,638,2,0.0,1,1,1,2,1,2,1,0,0,1
638,41,39.6875,639,3,0.0,2,0,1,2,2,3,1,0,0,2
639,28,16.1,640,3,0.0,1,1,0,2,1,2,1,0,1,1
640,20,7.8542,641,3,0.0,1,1,0,2,0,1,1,0,0,1
641,24,69.3,642,1,1.0,2,0,1,0,0,2,0,4,0,1
642,2,27.9,643,3,0.0,3,0,1,2,2,3,1,0,0,0
643,28,56.4958,644,3,1.0,1,1,1,2,0,3,1,0,1,1
644,0,19.2583,645,3,1.0,3,0,1,0,1,2,1,0,0,0
645,48,76.7292,646,1,1.0,1,1,1,0,1,2,0,8,0,3
646,19,7.8958,647,3,0.0,1,1,0,2,0,1,1,0,0,1
647,56,35.5,648,1,1.0,5,1,1,0,0,1,0,8,0,3
648,28,7.55,649,3,0.0,1,1,0,2,0,1,1,0,1,1
649,23,7.55,650,3,1.0,3,0,0,2,0,1,1,0,0,1
650,28,7.8958,651,3,0.0,1,1,0,2,0,1,1,0,1,1
651,18,23.0,652,2,1.0,3,0,1,2,1,2,1,0,0,1
652,21,8.4333,653,3,0.0,1,1,0,2,0,1,1,0,0,1
653,17,7.8292,654,3,1.0,3,0,0,1,0,1,1,0,1,0
654,18,6.75,655,3,0.0,3,0,0,1,0,1,1,0,0,1
655,24,73.5,656,2,0.0,1,1,1,2,1,3,1,0,0,1
656,28,7.8958,657,3,0.0,1,1,0,2,0,1,1,0,1,1
657,32,15.5,658,3,0.0,2,0,0,1,1,2,1,0,0,1
658,23,13.0,659,2,0.0,1,1,0,2,0,1,1,0,0,1
659,58,113.275,660,1,0.0,1,1,1,0,1,2,0,1,0,3
660,50,133.65,661,1,1.0,5,1,1,2,1,2,1,0,0,3
661,40,7.225,662,3,0.0,1,1,0,0,0,1,1,0,0,2
662,47,25.5875,663,1,0.0,1,1,1,2,0,1,0,1,0,3
663,36,7.4958,664,3,0.0,1,1,0,2,0,1,1,0,0,2
664,20,7.925,665,3,1.0,1,1,0,2,1,1,1,0,0,1
665,32,73.5,666,2,0.0,1,1,1,2,1,3,1,0,0,1
666,25,13.0,667,2,0.0,1,1,0,2,0,1,1,0,0,1
667,28,7.775,668,3,0.0,1,1,0,2,0,1,1,0,1,1
668,43,8.05,669,3,0.0,1,1,0,2,0,1,1,0,0,2
669,42,52.0,670,1,1.0,2,0,1,2,1,2,0,2,1,2
670,40,39.0,671,2,1.0,2,0,1,2,1,2,1,0,0,2
671,31,52.0,672,1,0.0,1,1,1,2,1,2,0,2,0,1
672,70,10.5,673,2,0.0,1,1,0,2,0,1,1,0,0,4
673,31,13.0,674,2,1.0,1,1,0,2,0,1,1,0,0,1
674,32,0.0,675,2,0.0,1,1,0,2,0,1,1,0,1,1
675,18,7.775,676,3,0.0,1,1,0,2,0,1,1,0,0,1
676,24,8.05,677,3,0.0,1,1,0,2,0,1,1,0,0,1
677,18,9.8417,678,3,1.0,3,0,0,2,0,1,1,0,0,1
678,43,46.9,679,3,0.0,2,0,1,2,2,3,1,0,0,2
679,36,512.3292,680,1,1.0,1,1,1,0,1,2,0,3,0,2
680,17,8.1375,681,3,0.0,3,0,0,1,0,1,1,0,1,0
681,27,76.7292,682,1,1.0,1,1,1,0,0,2,0,5,0,1
682,20,9.225,683,3,0.0,1,1,0,2,0,1,1,0,0,1
683,14,46.9,684,3,0.0,1,1,1,2,2,3,1,0,0,0
684,60,39.0,685,2,0.0,1,1,1,2,1,2,1,0,0,4
685,25,41.5792,686,2,0.0,1,1,1,0,1,2,1,0,0,1
686,14,39.6875,687,3,0.0,1,1,1,2,2,3,1,0,0,0
687,19,10.1708,688,3,0.0,1,1,0,2,0,1,1,0,0,1
688,18,7.7958,689,3,0.0,1,1,0,2,0,1,1,0,0,1
689,15,211.3375,690,1,1.0,3,0,1,2,1,2,0,3,0,0
690,31,57.0,691,1,1.0,1,1,1,2,1,2,0,5,0,1
691,4,13.4167,692,3,1.0,3,0,0,0,1,2,1,0,0,0
692,28,56.4958,693,3,1.0,1,1,1,2,0,3,1,0,1,1
693,25,7.225,694,3,0.0,1,1,0,0,0,1,1,0,0,1
694,60,26.55,695,1,0.0,5,1,1,2,0,1,1,0,0,4
695,52,13.5,696,2,0.0,1,1,0,2,0,1,1,0,0,3
696,44,8.05,697,3,0.0,1,1,0,2,0,1,1,0,0,3
697,17,7.7333,698,3,1.0,3,0,0,1,0,1,1,0,1,0
698,49,110.8833,699,1,0.0,1,1,1,0,1,2,0,3,0,3
699,42,7.65,700,3,0.0,1,1,0,2,0,1,0,3,0,2
700,18,227.525,701,1,1.0,2,0,1,0,1,2,0,2,0,1
701,35,26.2875,702,1,1.0,1,1,1,2,0,1,0,4,0,2
702,18,14.4542,703,3,0.0,3,0,0,0,1,2,1,0,0,1
703,25,7.7417,704,3,0.0,1,1,0,1,0,1,1,0,0,1
704,26,7.8542,705,3,0.0,1,1,0,2,1,1,1,0,0,1
705,39,26.0,706,2,0.0,1,1,1,2,0,2,1,0,0,2
706,45,13.5,707,2,1.0,2,0,0,2,0,1,1,0,0,3
707,42,26.2875,708,1,1.0,1,1,1,2,0,1,0,4,0,2
708,22,151.55,709,1,1.0,3,0,1,2,0,3,1,0,0,1
709,6,15.2458,710,3,1.0,5,1,0,0,1,2,1,0,1,0
710,24,49.5042,711,1,1.0,2,0,1,0,0,1,0,1,0,1
711,41,26.55,712,1,0.0,1,1,1,2,0,1,0,2,1,2
712,48,52.0,713,1,1.0,1,1,1,2,1,2,0,2,0,3
713,29,9.4833,714,3,0.0,1,1,0,2,0,1,1,0,0,1
714,52,13.0,715,2,0.0,1,1,0,2,0,2,1,0,0,3
715,19,7.65,716,3,0.0,1,1,0,2,0,1,0,3,0,1
716,38,227.525,717,1,1.0,3,0,1,0,0,2,0,5,0,2
717,27,10.5,718,2,1.0,3,0,0,2,0,1,0,7,0,1
718,28,15.5,719,3,0.0,1,1,0,1,0,2,1,0,1,1
719,33,7.775,720,3,0.0,1,1,0,2,0,1,1,0,0,1
720,6,33.0,721,2,1.0,3,0,1,2,1,2,1,0,0,0
721,17,7.0542,722,3,0.0,1,1,0,2,1,1,1,0,0,0
722,34,13.0,723,2,0.0,1,1,0,2,0,1,1,0,0,2
723,50,13.0,724,2,0.0,1,1,0,2,0,1,1,0,0,3
724,27,53.1,725,1,1.0,1,1,1,2,1,2,0,2,0,1
725,20,8.6625,726,3,0.0,1,1,0,2,0,1,1,0,0,1
726,30,21.0,727,2,1.0,2,0,1,2,1,2,1,0,0,1
727,17,7.7375,728,3,1.0,3,0,0,1,0,1,1,0,1,0
728,25,26.0,729,2,0.0,1,1,1,2,1,2,1,0,0,1
729,25,7.925,730,3,0.0,3,0,0,2,1,1,1,0,0,1
730,29,211.3375,731,1,1.0,3,0,1,2,0,2,0,3,0,1
731,11,18.7875,732,3,0.0,1,1,1,0,0,2,1,0,0,0
732,32,0.0,733,2,0.0,1,1,0,2,0,1,1,0,1,1
733,23,13.0,734,2,0.0,1,1,0,2,0,1,1,0,0,1
734,23,13.0,735,2,0.0,1,1,0,2,0,1,1,0,0,1
735,28,16.1,736,3,0.0,1,1,0,2,0,2,1,0,0,1
736,48,34.375,737,3,0.0,2,0,1,2,2,2,1,0,0,3
737,35,512.3292,738,1,1.0,1,1,1,0,0,2,0,7,0,2
738,28,7.8958,739,3,0.0,1,1,0,2,0,1,1,0,1,1
739,28,7.8958,740,3,0.0,1,1,0,2,0,1,1,0,1,1
740,41,30.0,741,1,1.0,1,1,1,2,0,1,0,5,1,2
741,36,78.85,742,1,0.0,1,1,1,2,1,2,0,6,0,2
742,21,262.375,743,1,1.0,3,0,1,0,2,3,0,5,0,1
743,24,16.1,744,3,0.0,1,1,0,2,1,2,1,0,0,1
744,31,7.925,745,3,1.0,1,1,0,2,0,1,1,0,0,1
745,70,71.0,746,1,0.0,5,1,1,2,1,2,0,3,0,4
746,16,20.25,747,3,0.0,1,1,1,2,1,2,1,0,0,0
747,30,13.0,748,2,1.0,3,0,0,2,0,1,1,0,0,1
748,19,53.1,749,1,0.0,1,1,1,2,1,2,0,4,0,1
749,31,7.75,750,3,0.0,1,1,0,1,0,1,1,0,0,1
750,4,23.0,751,2,1.0,3,0,1,2,1,2,1,0,0,0
751,6,12.475,752,3,1.0,5,1,0,2,1,2,0,2,0,0
752,33,9.5,753,3,0.0,1,1,0,2,0,1,1,0,0,1
753,23,7.8958,754,3,0.0,1,1,0,2,0,1,1,0,0,1
754,48,65.0,755,2,1.0,2,0,1,2,1,2,1,0,0,3
755,0,14.5,756,2,1.0,5,1,0,2,1,2,1,0,0,0
756,28,7.7958,757,3,0.0,1,1,0,2,0,1,1,0,0,1
757,18,11.5,758,2,0.0,1,1,0,2,0,1,1,0,0,1
758,34,8.05,759,3,0.0,1,1,0,2,0,1,1,0,0,2
759,33,86.5,760,1,1.0,5,0,1,2,0,2,0,3,0,1
760,28,14.5,761,3,0.0,1,1,0,2,0,2,1,0,1,1
761,41,7.125,762,3,0.0,1,1,0,2,0,1,1,0,0,2
762,20,7.2292,763,3,1.0,1,1,0,0,0,1,1,0,0,1
763,36,120.0,764,1,1.0,2,0,1,2,1,2,0,4,0,2
764,16,7.775,765,3,0.0,1,1,0,2,0,1,1,0,0,0
765,51,77.9583,766,1,1.0,2,0,1,2,1,2,0,3,0,3
766,37,39.6,767,1,0.0,5,1,1,0,0,1,1,0,1,2
767,30,7.75,768,3,0.0,3,0,0,1,0,1,1,0,0,1
768,28,24.15,769,3,0.0,1,1,1,1,1,2,1,0,1,1
769,32,8.3625,770,3,0.0,1,1,0,2,0,1,1,0,0,1
770,24,9.5,771,3,0.0,1,1,0,2,0,1,1,0,0,1
771,48,7.8542,772,3,0.0,1,1,0,2,0,1,1,0,0,3
772,57,10.5,773,2,0.0,2,0,0,2,0,2,0,3,0,3
773,28,7.225,774,3,0.0,1,1,0,0,0,1,1,0,1,1
774,54,23.0,775,2,1.0,2,0,1,2,2,2,1,0,0,3
775,18,7.75,776,3,0.0,1,1,0,2,0,1,1,0,0,1
776,28,7.75,777,3,0.0,1,1,0,1,0,1,0,4,1,1
777,5,12.475,778,3,1.0,3,0,0,2,0,2,1,0,0,0
778,28,7.7375,779,3,0.0,1,1,0,1,0,1,1,0,1,1
779,43,211.3375,780,1,1.0,2,0,1,2,1,2,0,1,0,2
780,13,7.2292,781,3,1.0,3,0,0,0,0,1,1,0,0,0
781,17,57.0,782,1,1.0,2,0,1,2,1,2,0,5,0,0
782,29,30.0,783,1,0.0,1,1,1,2,0,1,0,9,0,1
783,28,23.45,784,3,0.0,1,1,1,2,1,2,1,0,1,1
784,25,7.05,785,3,0.0,1,1,0,2,0,1,1,0,0,1
785,25,7.25,786,3,0.0,1,1,0,2,0,1,1,0,0,1
786,18,7.4958,787,3,1.0,3,0,0,2,0,1,1,0,0,1
787,8,29.125,788,3,0.0,5,1,1,1,2,3,1,0,0,0
788,1,20.575,789,3,1.0,5,1,1,2,1,2,1,0,0,0
789,46,79.2,790,1,0.0,1,1,1,0,0,2,0,1,0,3
790,28,7.75,791,3,0.0,1,1,0,1,0,1,1,0,1,1
791,16,26.0,792,2,0.0,1,1,1,2,0,2,1,0,0,0
792,17,69.55,793,3,0.0,3,0,1,2,2,4,1,0,1,0
793,41,30.6958,794,1,0.0,1,1,1,0,0,1,1,0,1,2
794,25,7.8958,795,3,0.0,1,1,0,2,0,1,1,0,0,1
795,39,13.0,796,2,0.0,1,1,0,2,0,1,1,0,0,2
796,49,25.9292,797,1,1.0,5,0,1,2,0,1,0,3,0,3
797,31,8.6833,798,3,1.0,2,0,0,2,0,1,1,0,0,1
798,30,7.2292,799,3,0.0,1,1,0,0,0,1,1,0,0,1
799,30,24.15,800,3,0.0,2,0,1,2,1,2,1,0,0,1
800,34,13.0,801,2,0.0,1,1,0,2,0,2,1,0,0,2
801,31,26.25,802,2,1.0,2,0,1,2,1,2,1,0,0,1
802,11,120.0,803,1,1.0,5,1,1,2,1,2,0,4,0,0
803,0,8.5167,804,3,1.0,5,1,0,0,1,2,1,0,0,0
804,27,6.975,805,3,1.0,1,1,0,2,0,1,1,0,0,1
805,31,7.775,806,3,0.0,1,1,0,2,0,1,1,0,0,1
806,39,0.0,807,1,0.0,1,1,0,2,0,1,0,5,0,2
807,18,7.775,808,3,0.0,3,0,0,2,0,1,1,0,0,1
808,39,13.0,809,2,0.0,1,1,0,2,0,1,1,0,0,2
809,33,53.1,810,1,1.0,2,0,1,2,1,2,0,2,0,1
810,26,7.8875,811,3,0.0,1,1,0,2,0,1,1,0,0,1
811,39,24.15,812,3,0.0,1,1,1,2,0,2,1,0,0,2
812,35,10.5,813,2,0.0,1,1,0,2,0,1,1,0,0,2
813,6,31.275,814,3,0.0,3,0,1,2,2,3,1,0,0,0
814,30,8.05,815,3,0.0,1,1,0,2,0,1,1,0,0,1
815,41,0.0,816,1,0.0,1,1,0,2,0,2,0,1,1,2
816,23,7.925,817,3,0.0,3,0,0,2,0,1,1,0,0,1
817,31,37.0042,818,2,0.0,1,1,1,0,1,2,1,0,0,1
818,43,6.45,819,3,0.0,1,1,0,2,0,1,1,0,0,2
819,10,27.9,820,3,0.0,5,1,1,2,2,3,1,0,0,0
820,52,93.5,821,1,1.0,2,0,1,2,1,2,0,3,0,3
821,27,8.6625,822,3,1.0,1,1,0,2,0,1,1,0,0,1
822,38,0.0,823,1,0.0,5,1,0,2,0,1,1,0,0,2
823,27,12.475,824,3,1.0,2,0,0,2,1,2,0,2,0,1
824,2,39.6875,825,3,0.0,5,1,1,2,2,3,1,0,0,0
825,28,6.95,826,3,0.0,1,1,0,1,0,1,1,0,1,1
826,28,56.4958,827,3,0.0,1,1,1,2,0,3,1,0,1,1
827,1,37.0042,828,2,1.0,5,1,1,0,1,2,1,0,0,0
828,28,7.75,829,3,1.0,1,1,0,1,0,1,1,0,1,1
829,62,80.0,830,1,1.0,2,0,1,2,0,2,0,5,0,4
830,15,14.4542,831,3,1.0,2,0,0,0,1,2,1,0,0,0
831,0,18.75,832,2,1.0,5,1,1,2,1,2,1,0,0,0
832,28,7.2292,833,3,0.0,1,1,0,0,0,1,1,0,1,1
833,23,7.8542,834,3,0.0,1,1,0,2,0,1,1,0,0,1
834,18,8.3,835,3,0.0,1,1,0,2,0,1,1,0,0,1
835,39,83.1583,836,1,1.0,3,0,1,0,1,2,0,5,0,2
836,21,8.6625,837,3,0.0,1,1,0,2,0,1,1,0,0,1
837,28,8.05,838,3,0.0,1,1,0,2,0,1,1,0,1,1
838,32,56.4958,839,3,1.0,1,1,1,2,0,3,1,0,0,1
839,41,29.7,840,1,1.0,1,1,1,0,0,1,0,2,1,2
840,20,7.925,841,3,0.0,1,1,0,2,0,1,1,0,0,1
841,16,10.5,842,2,0.0,1,1,0,2,0,2,1,0,0,0
842,30,31.0,843,1,1.0,3,0,1,0,0,2,1,0,0,1
843,34,6.4375,844,3,0.0,1,1,0,0,0,1,1,0,0,2
844,17,8.6625,845,3,0.0,1,1,0,2,0,1,1,0,0,0
845,42,7.55,846,3,0.0,1,1,0,2,0,1,1,0,0,2
846,28,69.55,847,3,0.0,1,1,1,2,2,4,1,0,1,1
847,35,7.8958,848,3,0.0,1,1,0,0,0,1,1,0,0,2
848,28,33.0,849,2,0.0,4,1,1,2,1,2,1,0,0,1
849,42,89.1042,850,1,1.0,2,0,1,0,1,2,0,2,1,2
850,4,31.275,851,3,0.0,5,1,1,2,2,3,1,0,0,0
851,74,7.775,852,3,0.0,1,1,0,2,0,1,1,0,0,4
852,9,15.2458,853,3,0.0,3,0,0,0,1,2,1,0,0,0
853,16,39.4,854,1,1.0,3,0,1,2,1,2,0,5,0,0
854,44,26.0,855,2,0.0,2,0,1,2,1,2,1,0,0,3
855,18,9.35,856,3,1.0,2,0,0,2,1,2,1,0,0,1
856,45,164.8667,857,1,1.0,2,0,1,2,1,2,1,0,0,3
857,51,26.55,858,1,1.0,1,1,1,2,0,1,0,3,0,3
858,24,19.2583,859,3,1.0,2,0,1,0,1,2,1,0,0,1
859,28,7.2292,860,3,0.0,1,1,0,0,0,1,1,0,1,1
860,41,14.1083,861,3,0.0,1,1,0,2,1,2,1,0,0,2
861,21,11.5,862,2,0.0,1,1,0,2,1,1,1,0,0,1
862,48,25.9292,863,1,1.0,2,0,1,2,0,1,0,3,0,3
863,17,69.55,864,3,0.0,3,0,1,2,2,4,1,0,1,0
864,24,13.0,865,2,0.0,1,1,0,2,0,1,1,0,0,1
865,42,13.0,866,2,1.0,2,0,0,2,0,1,1,0,0,2
866,27,13.8583,867,2,1.0,3,0,0,0,1,1,1,0,0,1
867,31,50.4958,868,1,0.0,1,1,1,2,0,1,0,4,0,1
868,28,9.5,869,3,0.0,1,1,0,2,0,1,1,0,1,1
869,4,11.1333,870,3,1.0,5,1,0,2,1,2,1,0,0,0
870,26,7.8958,871,3,0.0,1,1,0,2,0,1,1,0,0,1
871,47,52.5542,872,1,1.0,2,0,1,2,1,2,0,4,0,3
872,33,5.0,873,1,0.0,1,1,0,2,0,1,0,3,0,1
873,47,9.0,874,3,0.0,1,1,0,2,0,1,1,0,0,3
874,28,24.0,875,2,1.0,2,0,1,0,1,2,1,0,0,1
875,15,7.225,876,3,1.0,3,0,0,0,0,1,1,0,0,0
876,20,9.8458,877,3,0.0,1,1,0,2,0,2,1,0,0,1
877,19,7.8958,878,3,0.0,1,1,0,2,0,1,1,0,0,1
878,28,7.8958,879,3,0.0,1,1,0,2,0,1,1,0,1,1
879,56,83.1583,880,1,1.0,2,0,1,0,1,2,0,5,0,3
880,25,26.0,881,2,1.0,2,0,1,2,1,2,1,0,0,1
881,33,7.8958,882,3,0.0,1,1,0,2,0,1,1,0,0,1
882,22,10.5167,883,3,0.0,3,0,0,2,0,1,1,0,0,1
883,28,10.5,884,2,0.0,1,1,0,2,0,1,1,0,0,1
884,25,7.05,885,3,0.0,1,1,0,2,0,1,1,0,0,1
885,39,29.125,886,3,0.0,2,0,1,1,2,3,1,0,0,2
886,27,13.0,887,2,0.0,4,1,0,2,0,1,1,0,0,1
887,19,30.0,888,1,1.0,3,0,1,2,0,1,0,1,0,1
888,17,23.45,889,3,0.0,3,0,1,2,1,2,1,0,1,0
889,26,30.0,890,1,1.0,1,1,1,0,0,1,0,1,0,1
890,32,7.75,891,3,0.0,1,1,0,1,0,1,1,0,0,1
891,34,7.8292,892,3,,1,1,0,1,0,1,1,0,0,2
892,47,7.0,893,3,,2,0,0,2,1,1,1,0,0,3
893,62,9.6875,894,2,,1,1,0,1,0,1,1,0,0,4
894,27,8.6625,895,3,,1,1,0,2,0,1,1,0,0,1
895,22,12.2875,896,3,,2,0,0,2,1,2,1,0,0,1
896,14,9.225,897,3,,1,1,0,2,0,1,1,0,0,0
897,30,7.6292,898,3,,3,0,0,1,0,1,1,0,0,1
898,26,29.0,899,2,,1,1,1,2,1,2,1,0,0,1
899,18,7.2292,900,3,,2,0,0,0,0,1,1,0,0,1
900,21,24.15,901,3,,1,1,1,2,1,2,1,0,0,1
901,28,7.8958,902,3,,1,1,0,2,0,1,1,0,1,1
902,46,26.0,903,1,,1,1,1,2,0,1,1,0,0,3
903,23,82.2667,904,1,,2,0,1,2,1,2,0,5,0,1
904,63,26.0,905,2,,1,1,1,2,1,2,1,0,0,4
905,47,61.175,906,1,,2,0,1,2,1,2,0,5,0,3
906,24,27.7208,907,2,,2,0,1,0,1,2,1,0,0,1
907,35,12.35,908,2,,1,1,0,1,0,1,1,0,0,2
908,21,7.225,909,3,,1,1,0,0,0,1,1,0,0,1
909,27,7.925,910,3,,3,0,0,2,1,1,1,0,0,1
910,45,7.225,911,3,,2,0,0,0,0,1,1,0,0,3
911,55,59.4,912,1,,1,1,1,0,1,2,1,0,0,3
912,9,3.1708,913,3,,5,1,0,2,1,1,1,0,0,0
913,42,31.6833,914,1,,2,0,1,2,0,1,1,0,1,2
914,21,61.3792,915,1,,1,1,1,0,1,2,1,0,0,1
915,48,262.375,916,1,,2,0,1,0,2,3,0,5,0,3
916,50,14.5,917,3,,1,1,0,2,1,2,1,0,0,3
917,22,61.9792,918,1,,3,0,1,0,1,2,0,5,0,1
918,22,7.225,919,3,,1,1,0,0,0,1,1,0,0,1
919,41,30.5,920,1,,1,1,1,2,0,1,0,3,0,2
920,28,21.6792,921,3,,1,1,1,0,1,2,1,0,1,1
921,50,26.0,922,2,,1,1,1,2,1,2,1,0,0,3
922,24,31.5,923,2,,1,1,1,2,1,2,1,0,0,1
923,33,20.575,924,3,,2,0,1,2,1,2,1,0,0,1
924,32,23.45,925,3,,2,0,1,2,1,2,1,0,1,1
925,30,57.75,926,1,,1,1,1,0,1,2,0,6,0,1
926,18,7.2292,927,3,,1,1,0,0,0,1,1,0,0,1
927,17,8.05,928,3,,3,0,0,2,0,1,1,0,1,0
928,21,8.6625,929,3,,3,0,0,2,0,1,1,0,0,1
929,25,9.5,930,3,,1,1,0,2,0,1,1,0,0,1
930,28,56.4958,931,3,,1,1,1,2,0,3,1,0,1,1
931,39,13.4167,932,3,,1,1,0,0,1,2,1,0,0,2
932,41,26.55,933,1,,1,1,1,2,0,1,0,7,1,2
933,41,7.85,934,3,,1,1,0,2,0,1,1,0,0,2
934,30,13.0,935,2,,2,0,0,2,0,1,1,0,0,1
935,45,52.5542,936,1,,2,0,1,2,1,2,0,4,0,3
936,25,7.925,937,3,,1,1,0,2,0,1,1,0,0,1
937,45,29.7,938,1,,1,1,1,0,0,1,0,2,0,3
938,28,7.75,939,3,,1,1,0,1,0,1,1,0,1,1
939,60,76.2917,940,1,,2,0,1,0,0,2,0,2,0,4
940,36,15.9,941,3,,2,0,0,2,1,2,1,0,0,2
941,24,60.0,942,1,,1,1,1,2,1,2,0,5,0,1
942,27,15.0333,943,2,,1,1,0,0,0,1,1,0,0,1
943,20,23.0,944,2,,3,0,1,2,1,2,1,0,0,1
944,28,263.0,945,1,,3,0,1,2,2,3,0,6,0,1
945,32,15.5792,946,2,,1,1,0,0,0,1,1,0,1,1
946,10,29.125,947,3,,5,1,1,1,2,3,1,0,0,0
947,35,7.8958,948,3,,1,1,0,2,0,1,1,0,0,2
948,25,7.65,949,3,,1,1,0,2,0,1,0,3,0,1
949,28,16.1,950,3,,1,1,0,2,1,2,1,0,1,1
950,36,262.375,951,1,,3,0,1,0,0,3,0,1,0,2
951,17,7.8958,952,3,,1,1,0,2,0,1,1,0,0,0
952,32,13.5,953,2,,1,1,0,2,0,1,1,0,0,1
953,18,7.75,954,3,,1,1,0,2,0,1,1,0,0,1
954,22,7.725,955,3,,3,0,0,1,0,1,1,0,0,1
955,13,262.375,956,1,,5,1,1,0,2,3,0,5,0,0
956,33,21.0,957,2,,2,0,1,2,0,2,1,0,1,1
957,18,7.8792,958,3,,3,0,0,1,0,1,1,0,0,1
958,47,42.4,959,1,,1,1,1,2,0,2,1,0,0,3
959,31,28.5375,960,1,,1,1,1,0,0,1,0,1,0,1
960,60,263.0,961,1,,2,0,1,2,2,3,0,6,0,4
961,24,7.75,962,3,,3,0,0,1,0,1,1,0,0,1
962,21,7.8958,963,3,,1,1,0,2,0,1,1,0,0,1
963,29,7.925,964,3,,3,0,0,2,0,1,1,0,0,1
964,28,27.7208,965,1,,1,1,1,0,0,1,0,1,0,1
965,35,211.5,966,1,,3,0,1,0,0,2,0,1,0,2
966,32,211.5,967,1,,1,1,1,0,0,2,0,1,0,1
967,28,8.05,968,3,,1,1,0,2,0,1,1,0,1,1
968,55,25.7,969,1,,2,0,1,2,1,1,0,7,0,3
969,30,13.0,970,2,,1,1,0,2,0,1,1,0,0,1
970,24,7.75,971,3,,3,0,0,1,0,1,1,0,0,1
971,6,15.2458,972,3,,5,1,0,0,1,2,1,0,0,0
972,67,221.7792,973,1,,1,1,1,2,1,2,0,3,0,4
973,49,26.0,974,1,,1,1,1,2,0,1,1,0,0,3
974,28,7.8958,975,3,,1,1,0,2,0,1,1,0,1,1
975,32,10.7083,976,2,,1,1,0,1,0,1,1,0,1,1
976,28,14.4542,977,3,,1,1,0,0,1,2,1,0,1,1
977,27,7.8792,978,3,,3,0,0,1,0,1,1,0,0,1
978,18,8.05,979,3,,3,0,0,2,0,1,1,0,0,1
979,32,7.75,980,3,,2,0,0,1,0,1,1,0,1,1
980,2,23.0,981,2,,5,1,1,2,1,2,1,0,0,0
981,22,13.9,982,3,,2,0,0,2,1,2,1,0,0,1
982,28,7.775,983,3,,1,1,0,2,0,1,1,0,1,1
983,27,52.0,984,1,,2,0,1,2,1,2,0,2,0,1
984,28,8.05,985,3,,1,1,0,2,0,1,1,0,1,1
985,25,26.0,986,1,,1,1,1,0,0,1,1,0,0,1
986,25,7.7958,987,3,,1,1,0,2,0,1,1,0,0,1
987,76,78.85,988,1,,2,0,1,2,1,2,0,6,0,4
988,29,7.925,989,3,,1,1,0,2,0,1,1,0,0,1
989,20,7.8542,990,3,,3,0,0,2,0,1,1,0,0,1
990,33,8.05,991,3,,1,1,0,2,0,1,1,0,0,1
991,43,55.4417,992,1,,2,0,1,0,1,2,0,2,0,2
992,27,26.0,993,2,,1,1,1,2,1,2,1,0,0,1
993,28,7.75,994,3,,1,1,0,1,0,1,1,0,1,1
994,26,7.775,995,3,,1,1,0,2,0,1,1,0,0,1
995,16,8.5167,996,3,,2,0,0,0,1,2,1,0,0,0
996,28,22.525,997,3,,1,1,1,2,0,2,1,0,0,1
997,21,7.8208,998,3,,1,1,0,1,0,1,1,0,0,1
998,28,7.75,999,3,,1,1,0,1,0,1,1,0,1,1
999,28,8.7125,1000,3,,1,1,0,2,0,1,1,0,1,1
1000,18,13.0,1001,2,,1,1,0,2,0,1,0,0,0,1
1001,41,15.0458,1002,2,,1,1,0,0,0,1,1,0,0,2
1002,17,7.7792,1003,3,,3,0,0,1,0,1,1,0,1,0
1003,36,31.6792,1004,1,,3,0,1,0,0,1,0,1,0,2
1004,18,7.2833,1005,3,,3,0,0,1,0,1,1,0,0,1
1005,63,221.7792,1006,1,,2,0,1,2,1,2,0,3,0,4
1006,18,14.4542,1007,3,,1,1,0,0,1,2,1,0,0,1
1007,28,6.4375,1008,3,,1,1,0,0,0,1,1,0,1,1
1008,1,16.7,1009,3,,3,0,0,2,1,2,0,9,0,0
1009,36,75.2417,1010,1,,1,1,1,0,0,2,0,9,0,2
1010,29,26.0,1011,2,,2,0,1,2,1,2,1,0,0,1
1011,12,15.75,1012,2,,3,0,0,2,0,2,1,0,0,0
1012,28,7.75,1013,3,,1,1,0,1,1,1,1,0,1,1
1013,35,57.75,1014,1,,2,0,1,0,1,2,0,5,0,2
1014,28,7.25,1015,3,,1,1,0,2,0,1,1,0,0,1
1015,28,7.75,1016,3,,1,1,0,1,0,1,1,0,1,1
1016,17,16.1,1017,3,,3,0,0,2,1,2,1,0,0,0
1017,22,7.7958,1018,3,,1,1,0,2,0,1,1,0,0,1
1018,17,23.25,1019,3,,3,0,1,1,1,2,1,0,1,0
1019,42,13.0,1020,2,,1,1,0,2,0,1,1,0,0,2
1020,24,8.05,1021,3,,1,1,0,2,0,1,1,0,0,1
1021,32,8.05,1022,3,,1,1,0,2,0,1,1,0,0,1
1022,53,28.5,1023,1,,5,1,1,0,0,1,0,1,0,3
1023,32,25.4667,1024,3,,2,0,1,2,2,2,1,0,1,1
1024,28,6.4375,1025,3,,1,1,0,0,1,1,1,0,1,1
1025,43,7.8958,1026,3,,1,1,0,2,0,1,1,0,0,2
1026,24,7.8542,1027,3,,1,1,0,2,0,1,1,0,0,1
1027,26,7.225,1028,3,,1,1,0,0,0,1,1,0,0,1
1028,26,13.0,1029,2,,1,1,0,2,0,1,1,0,0,1
1029,23,8.05,1030,3,,3,0,0,2,0,1,1,0,0,1
1030,40,46.9,1031,3,,1,1,1,2,2,3,1,0,0,2
1031,10,46.9,1032,3,,3,0,1,2,2,3,1,0,0,0
1032,33,151.55,1033,1,,3,0,1,2,0,3,1,0,0,1
1033,61,262.375,1034,1,,1,1,1,0,2,3,0,5,0,4
1034,28,26.0,1035,2,,1,1,1,2,0,2,1,0,0,1
1035,42,26.55,1036,1,,1,1,1,2,0,1,1,0,0,2
1036,31,18.0,1037,3,,1,1,1,2,1,2,1,0,0,1
1037,41,51.8625,1038,1,,1,1,1,2,0,2,0,6,1,2
1038,22,8.05,1039,3,,1,1,0,2,0,1,1,0,0,1
1039,41,26.55,1040,1,,1,1,1,2,0,1,1,0,1,2
1040,30,26.0,1041,2,,4,1,1,2,1,2,1,0,0,1
1041,23,83.1583,1042,1,,2,0,1,0,1,2,0,2,0,1
1042,28,7.8958,1043,3,,1,1,0,0,0,1,1,0,1,1
1043,60,33.2954792813456,1044,3,,1,1,1,2,0,1,1,0,0,4
1044,36,12.1833,1045,3,,2,0,0,2,1,2,1,0,0,2
1045,13,31.3875,1046,3,,5,1,1,2,2,3,1,0,0,0
1046,24,7.55,1047,3,,1,1,0,2,0,1,1,0,0,1
1047,29,221.7792,1048,1,,3,0,1,2,0,2,0,1,0,1
1048,23,7.8542,1049,3,,3,0,0,2,0,1,1,0,0,1
1049,42,26.55,1050,1,,1,1,1,2,0,1,0,3,0,2
1050,26,13.775,1051,3,,2,0,0,2,1,2,1,0,0,1
1051,17,7.7333,1052,3,,3,0,0,1,0,1,1,0,1,0
1052,7,15.2458,1053,3,,5,1,0,0,1,2,1,0,0,0
1053,26,13.5,1054,2,,3,0,0,2,0,1,1,0,0,1
1054,28,7.0,1055,3,,1,1,0,2,0,1,1,0,1,1
1055,41,13.0,1056,2,,4,1,0,2,0,1,1,0,0,2
1056,26,22.025,1057,3,,2,0,1,2,1,2,1,0,0,1
1057,48,50.4958,1058,1,,1,1,1,0,0,1,0,3,0,3
1058,18,34.375,1059,3,,1,1,1,2,2,2,1,0,0,1
1059,42,27.7208,1060,1,,2,0,1,0,0,1,1,0,1,2
1060,22,8.9625,1061,3,,3,0,0,2,0,1,1,0,0,1
1061,28,7.55,1062,3,,1,1,0,2,0,1,1,0,1,1
1062,27,7.225,1063,3,,1,1,0,0,0,1,1,0,0,1
1063,23,13.9,1064,3,,1,1,0,2,1,2,1,0,0,1
1064,28,7.2292,1065,3,,1,1,0,0,0,1,1,0,1,1
1065,40,31.3875,1066,3,,1,1,1,2,2,3,1,0,0,2
1066,15,39.0,1067,2,,3,0,1,2,1,2,1,0,0,0
1067,20,36.75,1068,2,,3,0,1,2,0,2,1,0,0,1
1068,54,55.4417,1069,1,,1,1,1,0,1,2,0,2,0,3
1069,36,39.0,1070,2,,2,0,1,2,1,2,0,5,0,2
1070,64,83.1583,1071,1,,2,0,1,0,1,2,0,5,0,4
1071,30,13.0,1072,2,,1,1,0,2,0,1,1,0,0,1
1072,37,83.1583,1073,1,,1,1,1,0,1,2,0,3,0,2
1073,18,53.1,1074,1,,2,0,1,2,1,2,0,4,0,1
1074,28,7.75,1075,3,,1,1,0,1,0,1,1,0,1,1
1075,27,247.5208,1076,1,,2,0,1,0,1,2,0,4,0,1
1076,40,16.0,1077,2,,1,1,0,2,0,1,1,0,0,2
1077,21,21.0,1078,2,,3,0,1,2,1,2,1,0,0,1
1078,17,8.05,1079,3,,1,1,0,2,1,1,1,0,0,0
1079,17,69.55,1080,3,,3,0,1,2,2,4,1,0,1,0
1080,40,13.0,1081,2,,1,1,0,2,0,1,1,0,0,2
1081,34,26.0,1082,2,,1,1,1,2,1,2,1,0,0,2
1082,41,26.0,1083,1,,1,1,1,2,0,1,1,0,1,2
1083,11,14.5,1084,3,,5,1,0,2,1,2,1,0,0,0
1084,61,12.35,1085,2,,1,1,0,1,0,1,1,0,0,4
1085,8,32.5,1086,2,,5,1,1,2,1,2,1,0,0,0
1086,33,7.8542,1087,3,,1,1,0,2,0,1,1,0,0,1
1087,6,134.5,1088,1,,5,1,1,0,1,2,0,7,0,0
1088,18,7.775,1089,3,,3,0,0,2,0,1,1,0,0,1
1089,23,10.5,1090,2,,1,1,0,2,0,1,1,0,0,1
1090,32,8.1125,1091,3,,2,0,0,2,0,1,1,0,1,1
1091,17,15.5,1092,3,,3,0,0,1,0,2,1,0,1,0
1092,0,14.4,1093,3,,5,1,0,2,1,2,1,0,0,0
1093,47,227.525,1094,1,,5,1,1,0,1,2,0,2,0,3
1094,8,26.0,1095,2,,3,0,1,2,1,2,1,0,0,0
1095,25,10.5,1096,2,,1,1,0,2,0,1,1,0,0,1
1096,41,25.7417,1097,1,,1,1,1,0,0,1,1,0,1,2
1097,35,7.75,1098,3,,3,0,0,1,0,1,1,0,0,2
1098,24,10.5,1099,2,,1,1,0,2,0,1,1,0,0,1
1099,33,27.7208,1100,1,,3,0,1,0,0,1,0,3,0,1
1100,25,7.8958,1101,3,,1,1,0,2,0,1,1,0,0,1
1101,32,22.525,1102,3,,1,1,1,2,0,2,1,0,0,1
1102,28,7.05,1103,3,,1,1,0,2,0,1,1,0,1,1
1103,17,73.5,1104,2,,1,1,1,2,0,3,1,0,0,0
1104,60,26.0,1105,2,,2,0,1,2,1,2,1,0,0,4
1105,38,7.775,1106,3,,3,0,0,2,2,1,1,0,0,2
1106,42,42.5,1107,1,,1,1,1,2,0,1,0,3,0,2
1107,17,7.8792,1108,3,,3,0,0,1,0,1,1,0,1,0
1108,57,164.8667,1109,1,,1,1,1,2,1,2,1,0,0,3
1109,50,211.5,1110,1,,2,0,1,0,1,2,0,3,0,3
1110,28,8.05,1111,3,,1,1,0,2,0,1,1,0,1,1
1111,30,13.8583,1112,2,,3,0,0,0,1,1,1,0,0,1
1112,21,8.05,1113,3,,1,1,0,2,0,1,1,0,0,1
1113,22,10.5,1114,2,,2,0,0,2,0,1,0,8,0,1
1114,21,7.7958,1115,3,,1,1,0,2,0,1,1,0,0,1
1115,53,27.4458,1116,1,,2,0,1,0,0,1,1,0,0,3
1116,32,15.2458,1117,3,,2,0,0,0,1,2,1,0,1,1
1117,23,7.7958,1118,3,,1,1,0,2,0,1,1,0,0,1
1118,17,7.75,1119,3,,3,0,0,1,0,1,1,0,1,0
1119,40,15.1,1120,3,,1,1,0,2,0,2,1,0,0,2
1120,36,13.0,1121,2,,1,1,0,2,0,1,1,0,0,2
1121,14,65.0,1122,2,,1,1,1,2,0,2,1,0,0,0
1122,21,26.55,1123,1,,3,0,1,2,0,1,1,0,0,1
1123,21,6.4958,1124,3,,1,1,0,2,1,1,1,0,0,1
1124,28,7.8792,1125,3,,1,1,0,1,0,1,1,0,1,1
1125,39,71.2833,1126,1,,1,1,1,0,1,2,0,2,0,2
1126,20,7.8542,1127,3,,1,1,0,2,0,1,1,0,0,1
1127,64,75.25,1128,1,,1,1,1,0,1,2,0,3,0,4
1128,20,7.225,1129,3,,1,1,0,0,0,1,1,0,0,1
1129,18,13.0,1130,2,,3,0,0,2,1,1,1,0,0,1
1130,48,106.425,1131,1,,2,0,1,0,1,2,0,3,0,3
1131,55,27.7208,1132,1,,2,0,1,0,0,1,1,0,0,3
1132,45,30.0,1133,2,,2,0,1,2,1,2,1,0,0,3
1133,45,134.5,1134,1,,1,1,1,0,1,2,0,7,0,3
1134,28,7.8875,1135,3,,1,1,0,2,0,1,1,0,1,1
1135,6,23.45,1136,3,,5,1,1,2,1,2,1,0,1,0
1136,41,51.8625,1137,1,,1,1,1,2,1,2,0,3,0,2
1137,22,21.0,1138,2,,2,0,1,2,0,2,1,0,0,1
1138,42,32.5,1139,2,,1,1,1,2,1,2,1,0,0,2
1139,29,26.0,1140,2,,2,0,1,2,1,2,1,0,0,1
1140,32,14.4542,1141,3,,2,0,0,0,1,2,1,0,1,1
1141,0,27.75,1142,2,,3,0,1,2,1,2,1,0,0,0
1142,20,7.925,1143,3,,1,1,0,2,0,1,1,0,0,1
1143,27,136.7792,1144,1,,1,1,1,0,1,2,0,2,0,1
1144,24,9.325,1145,3,,1,1,0,2,0,1,1,0,0,1
1145,32,9.5,1146,3,,1,1,0,2,0,1,1,0,0,1
1146,28,7.55,1147,3,,1,1,0,2,0,1,1,0,1,1
1147,28,7.75,1148,3,,1,1,0,1,0,1,1,0,1,1
1148,28,8.05,1149,3,,1,1,0,2,0,1,1,0,0,1
1149,19,13.0,1150,2,,3,0,0,2,0,1,1,0,0,1
1150,21,7.775,1151,3,,1,1,0,2,0,1,1,0,0,1
1151,36,17.4,1152,3,,1,1,1,2,1,2,1,0,0,2
1152,21,7.8542,1153,3,,1,1,0,2,0,1,1,0,0,1
1153,29,23.0,1154,2,,2,0,1,2,1,2,1,0,0,1
1154,1,12.1833,1155,3,,3,0,0,2,1,2,1,0,0,0
1155,30,12.7375,1156,2,,1,1,0,0,0,1,1,0,0,1
1156,28,7.8958,1157,3,,1,1,0,2,0,1,1,0,1,1
1157,41,0.0,1158,1,,1,1,0,2,0,1,1,0,1,2
1158,28,7.55,1159,3,,1,1,0,2,0,1,1,0,1,1
1159,17,8.05,1160,3,,3,0,0,2,0,1,1,0,1,0
1160,17,8.6625,1161,3,,1,1,0,2,0,1,1,0,0,0
1161,46,75.2417,1162,1,,1,1,1,0,0,2,0,9,0,3
1162,28,7.75,1163,3,,1,1,0,1,0,1,1,0,1,1
1163,26,136.7792,1164,1,,2,0,1,0,1,2,0,2,0,1
1164,17,15.5,1165,3,,3,0,0,1,1,2,1,0,1,0
1165,28,7.225,1166,3,,1,1,0,0,0,1,1,0,1,1
1166,20,26.0,1167,2,,3,0,1,2,1,2,1,0,0,1
1167,28,10.5,1168,2,,1,1,0,2,0,1,1,0,0,1
1168,40,26.0,1169,2,,1,1,1,2,1,2,1,0,0,2
1169,30,21.0,1170,2,,1,1,1,2,1,2,1,0,0,1
1170,22,10.5,1171,2,,1,1,0,2,0,1,1,0,0,1
1171,23,8.6625,1172,3,,3,0,0,2,0,1,1,0,0,1
1172,0,13.775,1173,3,,5,1,0,2,1,2,1,0,0,0
1173,17,7.75,1174,3,,3,0,0,1,0,1,1,0,1,0
1174,9,15.2458,1175,3,,3,0,0,0,1,2,1,0,0,0
1175,2,20.2125,1176,3,,3,0,1,2,1,2,1,0,0,0
1176,36,7.25,1177,3,,1,1,0,2,0,1,1,0,0,2
1177,28,7.25,1178,3,,1,1,0,2,0,1,1,0,1,1
1178,24,82.2667,1179,1,,1,1,1,2,1,2,0,5,0,1
1179,28,7.2292,1180,3,,1,1,0,0,0,1,0,6,1,1
1180,28,8.05,1181,3,,1,1,0,2,0,1,1,0,1,1
1181,41,39.6,1182,1,,1,1,1,2,0,1,1,0,1,2
1182,30,6.95,1183,3,,3,0,0,1,0,1,1,0,0,1
1183,28,7.2292,1184,3,,1,1,0,0,0,1,1,0,1,1
1184,53,81.8583,1185,1,,5,1,1,2,1,2,0,7,0,3
1185,36,9.5,1186,3,,1,1,0,2,0,1,1,0,0,2
1186,26,7.8958,1187,3,,1,1,0,2,0,1,1,0,0,1
1187,1,41.5792,1188,2,,3,0,1,0,1,2,1,0,0,0
1188,28,21.6792,1189,3,,1,1,1,0,1,2,1,0,1,1
1189,30,45.5,1190,1,,1,1,1,2,0,1,1,0,0,1
1190,29,7.8542,1191,3,,1,1,0,2,0,1,1,0,0,1
1191,32,7.775,1192,3,,1,1,0,2,0,1,1,0,0,1
1192,32,15.0458,1193,2,,1,1,0,0,0,1,0,0,1,1
1193,43,21.0,1194,2,,1,1,1,2,1,2,1,0,0,2
1194,24,8.6625,1195,3,,1,1,0,2,0,1,1,0,0,1
1195,17,7.75,1196,3,,3,0,0,1,0,1,1,0,1,0
1196,64,26.55,1197,1,,2,0,1,2,1,1,0,8,0,4
1197,30,151.55,1198,1,,1,1,1,2,1,3,0,8,0,1
1198,0,9.35,1199,3,,5,1,0,2,1,2,1,0,0,0
1199,55,93.5,1200,1,,1,1,1,2,1,2,0,3,0,3
1200,45,14.1083,1201,3,,2,0,0,2,1,2,1,0,0,3
1201,18,8.6625,1202,3,,1,1,0,2,0,1,1,0,0,1
1202,22,7.225,1203,3,,1,1,0,0,0,1,1,0,0,1
1203,28,7.575,1204,3,,1,1,0,2,0,1,1,0,1,1
1204,37,7.75,1205,3,,3,0,0,1,0,1,1,0,0,2
1205,55,135.6333,1206,1,,2,0,1,0,0,2,0,3,0,3
1206,17,7.7333,1207,3,,3,0,0,1,0,1,1,0,0,0
1207,57,146.5208,1208,1,,1,1,1,0,1,2,0,6,0,3
1208,19,10.5,1209,2,,1,1,0,2,0,1,1,0,0,1
1209,27,7.8542,1210,3,,1,1,0,2,0,1,1,0,0,1
1210,22,31.5,1211,2,,1,1,1,2,1,2,1,0,0,1
1211,26,7.775,1212,3,,1,1,0,2,0,1,1,0,0,1
1212,25,7.2292,1213,3,,1,1,0,0,0,1,0,3,0,1
1213,26,13.0,1214,2,,1,1,0,2,0,1,0,6,0,1
1214,33,26.55,1215,1,,1,1,1,2,0,1,1,0,0,1
1215,39,211.3375,1216,1,,3,0,1,2,0,2,1,0,0,2
1216,23,7.05,1217,3,,1,1,0,2,0,1,1,0,0,1
1217,12,39.0,1218,2,,3,0,1,2,1,2,0,5,0,0
1218,46,79.2,1219,1,,1,1,1,0,0,2,1,0,0,3
1219,29,26.0,1220,2,,1,1,1,2,1,2,1,0,0,1
1220,21,13.0,1221,2,,1,1,0,2,0,1,1,0,0,1
1221,48,36.75,1222,2,,2,0,1,2,1,2,1,0,0,3
1222,39,29.7,1223,1,,1,1,1,0,0,1,0,3,0,2
1223,28,7.225,1224,3,,1,1,0,0,0,1,1,0,1,1
1224,19,15.7417,1225,3,,2,0,0,0,1,2,1,0,0,1
1225,27,7.8958,1226,3,,1,1,0,2,0,1,1,0,0,1
1226,30,26.0,1227,1,,1,1,1,2,0,1,0,2,0,1
1227,32,13.0,1228,2,,1,1,0,2,0,1,1,0,0,1
1228,39,7.2292,1229,3,,1,1,0,0,1,1,1,0,0,2
1229,25,31.5,1230,2,,1,1,1,2,0,2,1,0,0,1
1230,6,7.2292,1231,3,,5,1,0,0,0,1,1,0,1,0
1231,18,10.5,1232,2,,1,1,0,2,0,1,1,0,0,1
1232,32,7.5792,1233,3,,1,1,0,2,0,1,1,0,0,1
1233,28,69.55,1234,3,,1,1,1,2,2,4,1,0,1,1
1234,58,512.3292,1235,1,,2,0,1,0,1,2,0,3,0,3
1235,6,14.5,1236,3,,5,1,0,2,1,2,1,0,1,0
1236,16,7.65,1237,3,,3,0,0,2,0,1,1,0,0,0
1237,26,13.0,1238,2,,1,1,0,2,0,1,1,0,0,1
1238,38,7.2292,1239,3,,2,0,0,0,0,1,1,0,0,2
1239,24,13.5,1240,2,,1,1,0,2,0,1,1,0,0,1
1240,31,21.0,1241,2,,3,0,1,2,0,2,1,0,0,1
1241,45,63.3583,1242,1,,2,0,1,0,1,2,0,3,0,3
1242,25,10.5,1243,2,,1,1,0,2,0,1,1,0,0,1
1243,18,73.5,1244,2,,1,1,1,2,0,3,1,0,0,1
1244,49,65.0,1245,2,,1,1,1,2,1,2,1,0,0,3
1245,0,20.575,1246,3,,3,0,1,2,1,2,1,0,0,0
1246,50,26.0,1247,1,,1,1,1,2,0,1,0,4,0,3
1247,59,51.4792,1248,1,,2,0,1,2,1,2,0,7,0,4
1248,28,7.8792,1249,3,,1,1,0,2,0,1,1,0,1,1
1249,28,7.75,1250,3,,1,1,0,1,0,1,1,0,1,1
1250,30,15.55,1251,3,,2,0,0,2,1,2,1,0,0,1
1251,14,69.55,1252,3,,5,1,1,2,2,4,1,0,0,0
1252,24,37.0042,1253,2,,2,0,1,0,1,2,1,0,0,1
1253,31,21.0,1254,2,,2,0,1,2,0,2,1,0,0,1
1254,27,8.6625,1255,3,,1,1,0,2,0,1,1,0,0,1
1255,25,55.4417,1256,1,,2,0,1,0,1,2,0,5,0,1
1256,32,69.55,1257,3,,2,0,1,2,2,4,1,0,1,1
1257,28,14.4583,1258,3,,1,1,0,0,1,2,1,0,1,1
1258,22,39.6875,1259,3,,3,0,1,2,0,3,1,0,0,1
1259,45,59.4,1260,1,,2,0,1,0,1,2,1,0,0,3
1260,29,13.8583,1261,2,,1,1,0,0,0,1,1,0,0,1
1261,21,11.5,1262,2,,1,1,0,2,1,1,1,0,0,1
1262,31,134.5,1263,1,,3,0,1,0,0,2,0,3,0,1
1263,49,0.0,1264,1,,1,1,0,2,0,2,0,2,0,3
1264,44,13.0,1265,2,,1,1,0,2,0,1,1,0,0,3
1265,54,81.8583,1266,1,,2,0,1,2,1,2,0,7,0,3
1266,45,262.375,1267,1,,3,0,1,0,0,3,1,0,0,3
1267,22,8.6625,1268,3,,3,0,0,2,1,1,1,0,0,1
1268,21,11.5,1269,2,,1,1,0,2,0,1,1,0,0,1
1269,55,50.0,1270,1,,1,1,1,2,0,1,0,2,0,3
1270,5,31.3875,1271,3,,5,1,1,2,2,3,1,0,0,0
1271,28,7.75,1272,3,,1,1,0,1,0,1,1,0,1,1
1272,26,7.8792,1273,3,,1,1,0,1,0,1,1,0,0,1
1273,32,14.5,1274,3,,2,0,0,2,0,2,1,0,1,1
1274,19,16.1,1275,3,,2,0,0,2,1,2,1,0,0,1
1275,32,12.875,1276,2,,1,1,0,2,0,1,1,0,1,1
1276,24,65.0,1277,2,,3,0,1,2,1,2,1,0,0,1
1277,24,7.775,1278,3,,1,1,0,2,0,1,1,0,0,1
1278,57,13.0,1279,2,,1,1,0,2,0,1,1,0,0,3
1279,21,7.75,1280,3,,1,1,0,1,0,1,1,0,0,1
1280,6,21.075,1281,3,,5,1,1,2,2,2,1,0,0,0
1281,23,93.5,1282,1,,1,1,1,2,0,2,0,4,0,1
1282,51,39.4,1283,1,,2,0,1,2,1,2,0,5,0,3
1283,13,20.25,1284,3,,5,1,1,2,1,2,1,0,0,0
1284,47,10.5,1285,2,,1,1,0,2,0,1,1,0,0,3
1285,29,22.025,1286,3,,1,1,1,2,2,2,1,0,0,1
1286,18,60.0,1287,1,,2,0,1,2,1,2,0,5,0,1
1287,24,7.25,1288,3,,1,1,0,1,0,1,1,0,0,1
1288,48,79.2,1289,1,,2,0,1,0,1,2,0,3,0,3
1289,22,7.775,1290,3,,1,1,0,2,0,1,1,0,0,1
1290,31,7.7333,1291,3,,1,1,0,1,0,1,1,0,0,1
1291,30,164.8667,1292,1,,3,0,1,2,0,2,0,4,0,1
1292,38,21.0,1293,2,,1,1,1,2,1,2,1,0,0,2
1293,22,59.4,1294,1,,3,0,1,0,1,2,1,0,0,1
1294,17,47.1,1295,1,,1,1,1,2,0,2,1,0,0,0
1295,43,27.7208,1296,1,,1,1,1,0,1,1,0,2,0,2
1296,20,13.8625,1297,2,,1,1,0,0,0,1,0,4,0,1
1297,23,10.5,1298,2,,1,1,0,2,1,1,1,0,0,1
1298,50,211.5,1299,1,,1,1,1,0,1,2,0,3,0,3
1299,17,7.7208,1300,3,,3,0,0,1,0,1,1,0,1,0
1300,3,13.775,1301,3,,3,0,0,2,1,2,1,0,0,0
1301,17,7.75,1302,3,,3,0,0,1,0,1,1,0,1,0
1302,37,90.0,1303,1,,2,0,1,1,1,2,0,6,0,2
1303,28,7.775,1304,3,,3,0,0,2,0,1,1,0,0,1
1304,28,8.05,1305,3,,1,1,0,2,0,1,1,0,1,1
1305,39,108.9,1306,1,,5,0,1,0,0,2,0,1,0,2
1306,38,7.25,1307,3,,1,1,0,2,0,1,1,0,0,2
1307,28,8.05,1308,3,,1,1,0,2,0,1,1,0,1,1
1308,6,22.3583,1309,3,,5,1,1,0,1,2,1,0,1,0
